,dataset,event,date,enddate,latitude,longitude,relcase_tax,g1_tax,dg1_tax,g2_tax,dg2_tax,g3_tax,dg3_tax,victims_tax,clash_tax,govattack_tax,guerrattack_tax,parattack_tax,posdattack_tax,c_digo_dane_de_municipio,year
0,AP,0,1988-5-27,1988-5-27,6.628732408,-72.62708287,CR000038,AGENTE DEL ESTADO,POLICÍA NACIONAL,GUERRILLA,ELN,,,2.0,0,0,1,0,0,68152,1988
1,AP,1,1988-11-12,1988-11-12,6.187082996,-72.47189235,CR000043,AGENTE DEL ESTADO,POLICÍA NACIONAL,GUERRILLA,ELN,,,6.0,0,0,1,0,0,15183,1988
2,AP,2,1989-11-9,1989-11-9,5.498150801,-76.54521063,CR000056,AGENTE DEL ESTADO,POLICÍA NACIONAL,GUERRILLA,ELN,,,1.0,0,0,1,0,0,27413,1989
3,AP,3,1992-2-12,1992-2-12,7.103619083,-77.76275092,CR000078,AGENTE DEL ESTADO,POLICÍA NACIONAL,GUERRILLA,FARC,,,1.0,0,0,1,0,0,27372,1992
4,AP,4,1999-12-25,1999-12-25,4.713605767,-75.09793439,CR000186,AGENTE DEL ESTADO,POLICÍA NACIONAL,GUERRILLA,ELN,,,1.0,0,0,1,0,0,73686,1999
5,AP,5,2000-8-30,2000-8-30,3.253095405,-76.22886987,CR000204,AGENTE DEL ESTADO,POLICÍA NACIONAL,GUERRILLA,FARC,,,2.0,0,0,1,0,0,19455,2000
6,AP,6,2001-6-19,2001-6-19,4.272481672,-74.41482562,CR000238,AGENTE DEL ESTADO,POLICÍA NACIONAL,GUERRILLA,FARC,,,2.0,0,0,1,0,0,25053,2001
7,AP,7,2001-9-28,2001-9-28,1.913360233,-76.85592449,CR000245,AGENTE DEL ESTADO,POLICÍA NACIONAL,GUERRILLA,FARC,GUERRILLA,ELN,1.0,0,0,1,0,0,19022,2001
8,AP,8,2001-10-17,2001-10-17,4.496132932,-75.07474109,CR000248,AGENTE DEL ESTADO,POLICÍA NACIONAL,GUERRILLA,FARC,,,3.0,0,0,1,0,0,73001,2001
9,AP,9,2002-7-17,2002-7-17,3.539036003,-74.89684475,CR000312,AGENTE DEL ESTADO,POLICÍA NACIONAL,GUERRILLA,FARC,,,14.0,0,0,1,0,0,73236,2002
10,AP,10,2002-8-11,2002-8-11,2.45137136,-76.81077225,CR000324,AGENTE DEL ESTADO,POLICÍA NACIONAL,GUERRILLA,FARC,,,0.0,0,0,1,0,0,19256,2002
11,AP,11,2000-11-19,2000-11-19,4.744809893,-74.53370501,CR002001,AGENTE DEL ESTADO,POLICÍA NACIONAL,GUERRILLA,FARC,,,0.0,0,0,1,0,0,25596,2000
12,AP,12,2000-12-6,2000-12-6,3.875802437,-77.0117402,CR002003,AGENTE DEL ESTADO,POLICÍA NACIONAL,GUERRILLA,FARC,,,6.0,0,0,1,0,0,76109,2000
13,AP,13,2000-12-19,2000-12-19,6.594592434,-75.01335058,CR002005,AGENTE DEL ESTADO,POLICÍA NACIONAL,GUERRILLA,ELN,,,4.0,0,0,1,0,0,5890,2000
14,AP,14,2001-3-9,2001-3-9,1.669426894,-77.01392439,CR002010,AGENTE DEL ESTADO,POLICÍA NACIONAL,GUERRILLA,FARC,,,6.0,0,0,1,0,0,52693,2001
15,AP,15,2001-3-31,2001-3-31,1.913360233,-76.85592449,CR002011,AGENTE DEL ESTADO,POLICÍA NACIONAL,GUERRILLA,FARC,GUERRILLA,ELN,0.0,0,0,1,0,0,19022,2001
16,AP,16,2001-5-10,2001-5-10,1.601339314,-76.97053174,CR002013,AGENTE DEL ESTADO,POLICÍA NACIONAL,GUERRILLA,FARC,,,0.0,0,0,1,0,0,52378,2001
17,AP,17,2001-6-6,2001-6-6,2.522447597,-75.31537288,CR002015,AGENTE DEL ESTADO,POLICÍA NACIONAL,GUERRILLA,FARC,,,0.0,0,0,1,0,0,41020,2001
18,AP,18,2001-7-21,2001-7-21,1.837416404,-76.96631204,CR002017,AGENTE DEL ESTADO,EJÉRCITO NACIONAL - POLICÍA NACIONAL,GUERRILLA,FARC,GUERRILLA,ELN,0.0,0,0,1,0,0,19100,2001
19,AP,19,2001-8-17,2001-8-17,9.380228408,-75.26874889,CR002021,AGENTE DEL ESTADO,EJÉRCITO NACIONAL,AGENTE DEL ESTADO,INFANTERÍA DE MARINA,GUERRILLA,FARC,2.0,0,0,1,0,0,70418,2001
20,AP,20,2001-10-10,2001-10-10,3.323918106,-76.23450174,CR002028,AGENTE DEL ESTADO,POLICÍA NACIONAL,GUERRILLA,FARC,AGENTE DEL ESTADO,EJÉRCITO NACIONAL,0.0,0,0,1,0,0,76275,2001
21,AP,21,2001-10-25,2001-10-25,4.33503789,-75.703317,CR002030,AGENTE DEL ESTADO,POLICÍA NACIONAL,GUERRILLA,FARC,,,0.0,0,0,1,0,0,63548,2001
22,AP,22,2001-12-2,2001-12-2,5.423680913,-75.70206971,CR002033,AGENTE DEL ESTADO,POLICÍA NACIONAL,GUERRILLA,FARC,AGENTE DEL ESTADO,EJÉRCITO NACIONAL,1.0,0,0,1,0,0,17614,2001
23,AP,23,2001-12-12,2001-12-12,2.549182984,-76.06350272,CR002034,AGENTE DEL ESTADO,POLICÍA NACIONAL,GUERRILLA,FARC,,,3.0,0,0,1,0,0,19355,2001
24,AP,24,2002-1-25,2002-1-25,4.875071014,-75.17078682,CR002036,AGENTE DEL ESTADO,POLICÍA NACIONAL,GUERRILLA,FARC,,,0.0,0,0,1,0,0,73461,2002
25,AP,25,2002-4-15,2002-4-15,1.643874302,-77.01977704,CR002042,AGENTE DEL ESTADO,POLICÍA NACIONAL,GUERRILLA,FARC,,,1.0,0,0,1,0,0,52203,2002
26,AP,26,2002-5-15,2002-5-15,6.058306335,-75.18548101,CR002043,AGENTE DEL ESTADO,POLICÍA NACIONAL,GUERRILLA,FARC,,,1.0,0,0,1,0,0,5197,2002
27,AP,27,2002-7-4,2002-7-4,7.366579569,-72.98423197,CR002046,AGENTE DEL ESTADO,POLICÍA NACIONAL,GUERRILLA,FARC,,,0.0,0,0,1,0,0,68780,2002
28,AP,28,2002-7-29,2002-7-29,2.398212191,-78.19039205,CR002050,AGENTE DEL ESTADO,POLICÍA NACIONAL,GUERRILLA,FARC,,,4.0,0,0,1,0,0,52390,2002
29,AP,29,2002-8-8,2002-8-8,1.290427202,-75.50696203,CR002051,AGENTE DEL ESTADO,POLICÍA NACIONAL,GUERRILLA,FARC,,,0.0,0,0,1,0,0,18460,2002
30,AP,30,2002-10-29,2002-10-29,9.586907918,-74.82746263,CR002053,AGENTE DEL ESTADO,POLICÍA NACIONAL,GUERRILLA,FARC,,,0.0,0,0,1,0,0,13212,2002
31,AP,31,2004-8-6,2004-8-6,8.40015189,-73.20605269,CR002062,AGENTE DEL ESTADO,POLICÍA NACIONAL,GUERRILLA,FARC,,,0.0,0,0,1,0,0,54670,2004
32,AP,32,2003-7-9,2003-7-9,1.335351879,-77.59445713,CR002079,AGENTE DEL ESTADO,POLICÍA NACIONAL,GUERRILLA,FARC,,,2.0,0,0,1,0,0,52678,2003
33,AP,33,2002-7-10,2002-7-10,2.025054002,-75.99517781,CR002083,AGENTE DEL ESTADO,POLICÍA NACIONAL,GUERRILLA,FARC,,,2.0,0,0,1,0,0,41503,2002
34,AP,34,2001-9-28,2001-9-28,1.805263228,-75.88853156,CR002086,AGENTE DEL ESTADO,POLICÍA NACIONAL,GUERRILLA,FARC,,,1.0,0,0,1,0,0,41006,2001
35,AP,35,1988-1-19,1988-1-19,2.846715932,-77.24769154,CR003002,AGENTE DEL ESTADO,POLICÍA NACIONAL,GUERRILLA,FARC,,,4.0,0,0,1,0,0,19418,1988
36,AP,36,1988-1-23,1988-1-23,6.594592434,-75.01335058,CR003003,AGENTE DEL ESTADO,POLICÍA NACIONAL,GUERRILLA,COORDINADORA GUERRILLERA SIMÓN BOLÍVAR,,,1.0,0,0,1,0,0,5890,1988
37,AP,37,1988-3-22,1988-3-22,2.785615005,-76.51863329,CR003005,AGENTE DEL ESTADO,POLICÍA NACIONAL,GUERRILLA,COORDINADORA GUERRILLERA SIMÓN BOLÍVAR,,,3.0,0,0,1,0,0,19137,1988
38,AP,38,1988-3-30,1988-3-30,2.071843274,-75.6830171,CR003006,AGENTE DEL ESTADO,POLICÍA NACIONAL,GUERRILLA,COORDINADORA GUERRILLERA SIMÓN BOLÍVAR,AGENTE DEL ESTADO,EJÉRCITO NACIONAL,7.0,0,0,1,0,0,41298,1988
39,AP,39,1988-4-20,1988-4-20,1.251190563,-70.23475052,CR003007,AGENTE DEL ESTADO,POLICÍA NACIONAL,GUERRILLA,FARC,,,10.0,0,0,1,0,0,97001,1988
40,AP,40,1988-6-11,1988-6-11,6.142896667,-75.18444508,CR003035,AGENTE DEL ESTADO,POLICÍA NACIONAL,GUERRILLA,OTRA,,,0.0,0,0,1,0,0,5313,1988
41,AP,41,1988-6-4,1988-6-4,5.614550725,-75.62445888,CR003036,AGENTE DEL ESTADO,POLICÍA NACIONAL,GUERRILLA,COORDINADORA GUERRILLERA SIMÓN BOLÍVAR,,,3.0,0,0,1,0,0,5856,1988
42,AP,42,1988-7-14,1988-7-14,2.179322405,-76.76320908,CR003037,AGENTE DEL ESTADO,POLICÍA NACIONAL,GUERRILLA,M19,GUERRILLA,FARC,8.0,0,0,1,0,0,19392,1988
43,AP,43,1988-8-23,1988-8-23,7.813896829,-76.16846678,CR003038,AGENTE DEL ESTADO,EJÉRCITO NACIONAL - POLICÍA NACIONAL,GUERRILLA,COORDINADORA NACIONAL GUERRILLERA,,,38.0,0,0,1,0,0,23807,1988
44,AP,44,1988-8-30,1988-8-30,2.939755223,-75.58611594,CR003039,AGENTE DEL ESTADO,POLICÍA NACIONAL,GUERRILLA,FARC,,,0.0,0,0,1,0,0,41676,1988
45,AP,45,1988-9-8,1988-9-8,11.14222657,-74.11788685,CR003040,AGENTE DEL ESTADO,POLICÍA NACIONAL,GUERRILLA,FARC,AGENTE DEL ESTADO,EJÉRCITO NACIONAL,5.0,0,0,1,0,0,47001,1988
46,AP,46,1988-10-5,1988-10-5,7.476720671,-73.92416855,CR003042,AGENTE DEL ESTADO,EJÉRCITO NACIONAL - POLICÍA NACIONAL,GUERRILLA,FARC,GUERRILLA,ELN,0.0,0,0,1,0,0,13670,1988
47,AP,47,1988-10-5,1988-10-5,7.349066144,-73.89933402,CR003043,AGENTE DEL ESTADO,POLICÍA NACIONAL,GUERRILLA,FARC,GUERRILLA,ELN,1.0,0,0,1,0,0,68575,1988
48,AP,48,1988-12-4,1988-12-4,5.973868218,-75.3608659,CR003045,AGENTE DEL ESTADO,POLICÍA NACIONAL,GUERRILLA,EPL,,,0.0,0,0,1,0,0,5400,1988
49,AP,49,1988-12-16,1988-12-16,6.916808512,-75.67473253,CR003046,AGENTE DEL ESTADO,POLICÍA NACIONAL,GUERRILLA,EPL,,,0.0,0,0,1,0,0,5647,1988
50,AP,50,1989-2-10,1989-2-10,1.899975422,-76.67177213,CR003047,AGENTE DEL ESTADO,POLICÍA NACIONAL,GUERRILLA,COORDINADORA GUERRILLERA SIMÓN BOLÍVAR,,,5.0,0,0,1,0,0,19693,1989
51,AP,51,1989-6-25,1989-6-25,5.973868218,-75.3608659,CR003048,AGENTE DEL ESTADO,POLICÍA NACIONAL,GUERRILLA,ELN,,,0.0,0,0,1,0,0,5400,1989
52,AP,52,1989-10-25,1989-10-25,7.740905158,-73.04874552,CR003050,AGENTE DEL ESTADO,POLICÍA NACIONAL,GUERRILLA,ELN,,,2.0,0,0,1,0,0,54128,1989
53,AP,53,1990-1-16,1990-1-16,7.242875057,-76.4358754,CR003052,AGENTE DEL ESTADO,POLICÍA NACIONAL,GRUPO ARMADO NO DIRIMIDO,NO APLICA,,,4.0,0,0,0,0,0,5480,1990
54,AP,54,1990-4-7,1990-4-7,1.174218321,-76.87923491,CR003053,AGENTE DEL ESTADO,POLICÍA NACIONAL,GUERRILLA,COORDINADORA GUERRILLERA SIMÓN BOLÍVAR,,,2.0,0,0,1,0,0,86755,1990
55,AP,55,1990-4-20,1990-4-20,2.45137136,-76.81077225,CR003054,AGENTE DEL ESTADO,POLICÍA NACIONAL,GUERRILLA,FARC,,,1.0,0,0,1,0,0,19256,1990
56,AP,56,1990-6-5,1990-6-5,9.545351624,-75.31269631,CR003055,AGENTE DEL ESTADO,POLICÍA NACIONAL,GUERRILLA,ELN,,,0.0,0,0,1,0,0,70230,1990
57,AP,57,1990-9-13,1990-9-13,6.156172443,-71.76492254,CR003056,AGENTE DEL ESTADO,POLICÍA NACIONAL,GUERRILLA,FARC,GUERRILLA,ELN,2.0,0,0,1,0,0,85125,1990
58,AP,58,1990-12-24,1990-12-24,6.187991569,-74.98795256,CR003062,AGENTE DEL ESTADO,POLICÍA NACIONAL,GUERRILLA,COORDINADORA GUERRILLERA SIMÓN BOLÍVAR,,,2.0,0,0,1,0,0,5649,1990
59,AP,59,1990-12-27,1990-12-27,10.24429187,-73.14473008,CR003063,AGENTE DEL ESTADO,POLICÍA NACIONAL,GUERRILLA,COORDINADORA GUERRILLERA SIMÓN BOLÍVAR,,,8.0,0,0,1,0,0,20750,1990
60,AP,60,1991-1-21,1991-1-21,8.40015189,-73.20605269,CR003064,AGENTE DEL ESTADO,POLICÍA NACIONAL,GUERRILLA,COORDINADORA GUERRILLERA SIMÓN BOLÍVAR,,,0.0,0,0,1,0,0,54670,1991
61,AP,61,1991-2-5,1991-2-5,3.323918106,-76.23450174,CR003065,AGENTE DEL ESTADO,POLICÍA NACIONAL,GUERRILLA,FARC,,,2.0,0,0,1,0,0,76275,1991
62,AP,62,1991-2-7,1991-2-7,7.64297044,-72.79887452,CR003066,AGENTE DEL ESTADO,POLICÍA NACIONAL,GUERRILLA,COORDINADORA GUERRILLERA SIMÓN BOLÍVAR,,,0.0,0,0,1,0,0,54051,1991
63,AP,63,1991-3-6,1991-3-6,2.330161549,-72.62718599,CR003067,AGENTE DEL ESTADO,POLICÍA NACIONAL,GUERRILLA,FARC,,,1.0,0,0,1,0,0,95025,1991
64,AP,64,1991-3-17,1991-3-17,3.407766466,-76.34642891,CR003068,AGENTE DEL ESTADO,POLICÍA NACIONAL,GUERRILLA,FARC,,,7.0,0,0,1,0,0,76130,1991
65,AP,65,1991-3-20,1991-3-20,6.33964535,-73.61679327,CR003069,AGENTE DEL ESTADO,POLICÍA NACIONAL,GUERRILLA,FARC,,,3.0,0,0,1,0,0,68720,1991
66,AP,66,1991-3-30,1991-3-30,6.814263455,-75.24001859,CR003070,AGENTE DEL ESTADO,POLICÍA NACIONAL,GUERRILLA,COORDINADORA GUERRILLERA SIMÓN BOLÍVAR,,,3.0,0,0,1,0,0,5315,1991
67,AP,67,1991-4-17,1991-4-17,1.92946706,-76.21763745,CR003072,AGENTE DEL ESTADO,POLICÍA NACIONAL,GUERRILLA,FARC,,,0.0,0,0,1,0,0,41359,1991
68,AP,68,1991-4-27,1991-4-27,7.280820473,-72.96879846,CR003073,AGENTE DEL ESTADO,POLICÍA NACIONAL,GUERRILLA,COORDINADORA GUERRILLERA SIMÓN BOLÍVAR,,,1.0,0,0,1,0,0,68169,1991
69,AP,69,1991-5-16,1991-5-16,8.276306771,-73.86814048,CR003074,AGENTE DEL ESTADO,POLICÍA NACIONAL,GUERRILLA,COORDINADORA GUERRILLERA SIMÓN BOLÍVAR,,,1.0,0,0,1,0,0,13473,1991
70,AP,70,1991-5-28,1991-5-28,3.912976052,-75.48090671,CR003075,AGENTE DEL ESTADO,POLICÍA NACIONAL,GUERRILLA,FARC,,,0.0,0,0,1,0,0,73675,1991
71,AP,71,1991-7-5,1991-7-5,10.77208987,-73.14573636,CR003077,AGENTE DEL ESTADO,POLICÍA NACIONAL,GUERRILLA,FARC,,,2.0,0,0,1,0,0,44650,1991
72,AP,72,1991-7-7,1991-7-7,1.913360233,-76.85592449,CR003078,AGENTE DEL ESTADO,POLICÍA NACIONAL,GUERRILLA,COORDINADORA GUERRILLERA SIMÓN BOLÍVAR,,,4.0,0,0,1,0,0,19022,1991
73,AP,73,1991-7-8,1991-7-8,6.898494111,-76.17340916,CR003079,AGENTE DEL ESTADO,POLICÍA NACIONAL,GUERRILLA,FARC,,,2.0,0,0,1,0,0,5842,1991
74,AP,74,1991-7-10,1991-7-10,8.937090811,-74.03901175,CR003080,AGENTE DEL ESTADO,POLICÍA NACIONAL,GUERRILLA,COORDINADORA GUERRILLERA SIMÓN BOLÍVAR,,,5.0,0,0,1,0,0,13667,1991
75,AP,75,1991-10-17,1991-10-17,2.846715932,-77.24769154,CR003081,AGENTE DEL ESTADO,POLICÍA NACIONAL,GUERRILLA,FARC,,,1.0,0,0,1,0,0,19418,1991
76,AP,76,1991-11-13,1991-11-13,4.309854412,-74.30545993,CR003082,AGENTE DEL ESTADO,POLICÍA NACIONAL,GUERRILLA,FARC,,,0.0,0,0,1,0,0,25535,1991
77,AP,77,1992-4-18,1992-4-18,6.407716232,-72.44472932,CR003084,AGENTE DEL ESTADO,POLICÍA NACIONAL,GUERRILLA,ELN,,,2.0,0,0,1,0,0,15244,1992
78,AP,78,1992-5-21,1992-5-21,3.220853836,-76.31329089,CR003085,AGENTE DEL ESTADO,POLICÍA NACIONAL,GUERRILLA,FARC,,,0.0,0,0,1,0,0,19513,1992
79,AP,79,1992-7-2,1992-7-2,9.361189611,-73.60014444,CR003086,AGENTE DEL ESTADO,POLICÍA NACIONAL,GUERRILLA,ELN,,,0.0,0,0,1,0,0,20178,1992
80,AP,80,1991-8-15,1991-8-15,7.962854831,-74.05284001,CR003090,AGENTE DEL ESTADO,POLICÍA NACIONAL,GUERRILLA,COORDINADORA GUERRILLERA SIMÓN BOLÍVAR,,,6.0,0,0,1,0,0,13688,1991
81,AP,81,1992-2-19,1992-2-19,6.676567272,-74.84004673,CR003091,AGENTE DEL ESTADO,POLICÍA NACIONAL,GUERRILLA,FARC,,,1.0,0,0,1,0,0,5885,1992
82,AP,82,1992-11-12,1992-11-12,3.724181147,-76.26806789,CR003092,AGENTE DEL ESTADO,POLICÍA NACIONAL,GUERRILLA,FARC,,,0.0,0,0,1,0,0,76306,1992
83,AP,83,1992-12-14,1992-12-14,8.436377338,-73.28740929,CR003094,AGENTE DEL ESTADO,POLICÍA NACIONAL,GUERRILLA,FARC,,,3.0,0,0,1,0,0,54800,1992
84,AP,84,1992-12-24,1992-12-24,1.669426894,-77.01392439,CR003095,AGENTE DEL ESTADO,POLICÍA NACIONAL,GUERRILLA,FARC,,,5.0,0,0,1,0,0,52693,1992
85,AP,85,1993-5-26,1993-5-26,2.785615005,-76.51863329,CR003097,AGENTE DEL ESTADO,POLICÍA NACIONAL,GUERRILLA,FARC,,,1.0,0,0,1,0,0,19137,1993
86,AP,86,1993-7-16,1993-7-16,1.335351879,-77.59445713,CR003098,AGENTE DEL ESTADO,OTRO,GUERRILLA,FARC,,,0.0,0,0,1,0,0,52678,1993
87,AP,87,1994-1-17,1994-1-17,5.804666368,-73.97142307,CR003099,AGENTE DEL ESTADO,POLICÍA NACIONAL,GUERRILLA,FARC,,,2.0,0,0,1,0,0,68271,1994
88,AP,88,1994-2-18,1994-2-18,7.538987137,-72.77257191,CR003100,AGENTE DEL ESTADO,POLICÍA NACIONAL,GUERRILLA,FARC,GUERRILLA,ELN,2.0,0,0,1,0,0,54223,1994
89,AP,89,1994-3-7,1994-3-7,5.909821031,-72.78101116,CR003101,AGENTE DEL ESTADO,POLICÍA NACIONAL,GUERRILLA,FARC,,,1.0,0,0,1,0,0,15790,1994
90,AP,90,1994-3-20,1994-3-20,6.885174591,-75.33511597,CR003102,AGENTE DEL ESTADO,POLICÍA NACIONAL,GUERRILLA,FARC,,,5.0,0,0,1,0,0,5038,1994
91,AP,91,1994-5-4,1994-5-4,6.680808016,-75.95215756,CR003103,AGENTE DEL ESTADO,POLICÍA NACIONAL,GUERRILLA,FARC,,,0.0,0,0,1,0,0,5306,1994
92,AP,92,1994-5-8,1994-5-8,4.693578672,-73.52016136,CR003104,AGENTE DEL ESTADO,POLICÍA NACIONAL,GUERRILLA,FARC,,,2.0,0,0,1,0,0,25293,1994
93,AP,93,1994-6-7,1994-6-7,7.021017918,-75.91034556,CR003105,AGENTE DEL ESTADO,POLICÍA NACIONAL,GUERRILLA,FARC,,,0.0,0,0,1,0,0,5543,1994
94,AP,94,1994-7-19,1994-7-19,4.720344522,-73.96974496,CR003106,AGENTE DEL ESTADO,POLICÍA NACIONAL,GUERRILLA,FARC,,,2.0,0,0,1,0,0,25377,1994
95,AP,95,1994-8-7,1994-8-7,1.335134955,-74.84719837,CR003107,AGENTE DEL ESTADO,EJÉRCITO NACIONAL,GUERRILLA,FARC,,,5.0,0,0,1,0,0,18150,1994
96,AP,96,1994-8-19,1994-8-19,4.348314659,-74.45234352,CR003109,AGENTE DEL ESTADO,POLICÍA NACIONAL,GUERRILLA,FARC,,,1.0,0,0,1,0,0,25805,1994
97,AP,97,1995-2-2,1995-2-2,7.021017918,-75.91034556,CR003110,AGENTE DEL ESTADO,POLICÍA NACIONAL,GUERRILLA,FARC,,,0.0,0,0,1,0,0,5543,1995
98,AP,98,1996-3-6,1996-3-6,2.449548194,-77.97908278,CR003112,AGENTE DEL ESTADO,POLICÍA NACIONAL,GUERRILLA,FARC,,,0.0,0,0,1,0,0,52696,1996
99,AP,99,1996-5-28,1996-5-28,5.420887071,-71.73292506,CR003115,AGENTE DEL ESTADO,POLICÍA NACIONAL,GUERRILLA,FARC,GUERRILLA,ELN,3.0,0,0,1,0,0,85325,1996
100,AP,100,1996-7-9,1996-7-9,4.329825602,-73.86311388,CR003116,AGENTE DEL ESTADO,POLICÍA NACIONAL,GUERRILLA,FARC,,,2.0,0,0,1,0,0,25594,1996
101,AP,101,1996-7-13,1996-7-13,4.298023124,-75.09837303,CR003117,AGENTE DEL ESTADO,POLICÍA NACIONAL,GUERRILLA,FARC,,,0.0,0,0,1,0,0,73678,1996
102,AP,102,1996-8-6,1996-8-6,3.8806386,-73.77033863,CR003118,AGENTE DEL ESTADO,POLICÍA NACIONAL,GUERRILLA,FARC,,,0.0,0,0,1,0,0,50318,1996
103,AP,103,1996-8-14,1996-8-14,5.74474718,-75.97554408,CR003120,AGENTE DEL ESTADO,POLICÍA NACIONAL,GUERRILLA,ELN,,,0.0,0,0,1,0,0,5091,1996
104,AP,104,1996-8-29,1996-8-29,7.021017918,-75.91034556,CR003121,AGENTE DEL ESTADO,POLICÍA NACIONAL,GUERRILLA,FARC,,,0.0,0,0,1,0,0,5543,1996
105,AP,105,1996-8-30,1996-8-30,3.016053901,-76.48537029,CR003122,AGENTE DEL ESTADO,POLICÍA NACIONAL,GUERRILLA,FARC,,,3.0,0,0,1,0,0,19698,1996
106,AP,106,1996-8-30,1996-8-30,6.533179982,-72.69919959,CR003124,AGENTE DEL ESTADO,POLICÍA NACIONAL,GUERRILLA,FARC,,,3.0,0,0,1,0,0,68147,1996
107,AP,107,1996-10-20,1996-10-20,6.50017746,-72.73897793,CR003125,AGENTE DEL ESTADO,POLICÍA NACIONAL,GUERRILLA,FARC,,,0.0,0,0,1,0,0,15218,1996
108,AP,108,1997-1-12,1997-1-12,3.034070778,-76.40848704,CR003126,AGENTE DEL ESTADO,POLICÍA NACIONAL,GUERRILLA,FARC,,,1.0,0,0,1,0,0,19142,1997
109,AP,109,1997-1-13,1997-1-13,10.40157506,-74.1079065,CR003127,AGENTE DEL ESTADO,POLICÍA NACIONAL,GUERRILLA,FARC,,,4.0,0,0,1,0,0,47288,1997
110,AP,110,1997-2-7,1997-2-7,8.416749094,-73.34014448,CR003128,AGENTE DEL ESTADO,POLICÍA NACIONAL,GUERRILLA,FARC,,,0.0,0,0,1,0,0,54720,1997
111,AP,111,1997-2-9,1997-2-9,2.798130826,-76.48444786,CR003129,AGENTE DEL ESTADO,POLICÍA NACIONAL,GUERRILLA,FARC,,,0.0,0,0,1,0,0,19137,1997
112,AP,112,1997-2-14,1997-2-14,9.159672619,-75.04942002,CR003130,AGENTE DEL ESTADO,POLICÍA NACIONAL,GUERRILLA,DISIDENCIA ELN,,,2.0,0,0,1,0,0,70235,1997
113,AP,113,1997-2-26,1997-2-26,5.562687048,-72.57777012,CR003131,AGENTE DEL ESTADO,POLICÍA NACIONAL,GUERRILLA,FARC,,,2.0,0,0,1,0,0,15377,1997
114,AP,114,1997-3-8,1997-3-8,4.254678867,-74.0030419,CR003132,AGENTE DEL ESTADO,POLICÍA NACIONAL,GUERRILLA,FARC,,,1.0,0,0,1,0,0,25339,1997
115,AP,115,1997-3-31,1997-3-31,3.253095405,-76.22886987,CR003133,AGENTE DEL ESTADO,POLICÍA NACIONAL,GUERRILLA,FARC,GUERRILLA,"DISIDENCIA M19 ""JAIME BATEMAN CAYÓN""",0.0,0,0,1,0,0,19455,1997
116,AP,116,1997-4-4,1997-4-4,5.21431175,-72.87023558,CR003134,AGENTE DEL ESTADO,POLICÍA NACIONAL,GUERRILLA,FARC,,,1.0,0,0,1,0,0,85015,1997
117,AP,117,1997-5-9,1997-5-9,4.088960943,-74.47817821,CR003135,AGENTE DEL ESTADO,POLICÍA NACIONAL,GUERRILLA,FARC,,,1.0,0,0,1,0,0,25506,1997
118,AP,118,1997-6-30,1997-6-30,7.954176376,-73.94731196,CR003136,AGENTE DEL ESTADO,POLICÍA NACIONAL,GUERRILLA,ELN,,,3.0,0,0,1,0,0,13744,1997
119,AP,119,1997-7-10,1997-7-10,2.641366768,-75.97196451,CR003138,AGENTE DEL ESTADO,POLICÍA NACIONAL,GUERRILLA,FARC,,,0.0,0,0,1,0,0,19517,1997
120,AP,120,1990-4-9,1990-4-9,8.40015189,-73.20605269,CR003141,AGENTE DEL ESTADO,POLICÍA NACIONAL,GUERRILLA,ELN,,,14.0,0,0,1,0,0,54670,1990
121,AP,121,1991-10-8,1991-10-8,5.486337615,-70.41042001,CR003142,AGENTE DEL ESTADO,POLICÍA NACIONAL,GUERRILLA,FARC,,,1.0,0,0,1,0,0,99524,1991
122,AP,122,1988-1-30,1988-1-30,7.740905158,-73.04874552,CR003143,AGENTE DEL ESTADO,POLICÍA NACIONAL,GUERRILLA,ELN,,,2.0,0,0,1,0,0,54128,1988
123,AP,123,2006-1-13,2006-1-13,1.472636197,-77.58071165,CR003146,AGENTE DEL ESTADO,EJÉRCITO NACIONAL,GUERRILLA,ELN,,,6.0,0,0,1,0,0,52385,2006
124,AP,124,2005-4-14,2005-4-14,2.951450409,-76.27112721,CR005010,AGENTE DEL ESTADO,POLICÍA NACIONAL,GUERRILLA,FARC,,,3.0,0,0,1,0,0,19821,2005
125,AP,125,2005-7-3,2005-7-3,2.798130826,-76.48444786,CR005011,AGENTE DEL ESTADO,POLICÍA NACIONAL,GUERRILLA,FARC,,,0.0,0,0,1,0,0,19137,2005
126,AP,126,1999-8-6,1999-8-6,6.344093685,-72.81675984,CR007055,AGENTE DEL ESTADO,POLICÍA NACIONAL,GUERRILLA,FARC,GUERRILLA,ELN,0.0,0,0,1,0,0,68502,1999
127,AP,127,1999-8-24,1999-8-24,2.623338254,-76.57088427,CR007059,AGENTE DEL ESTADO,POLICÍA NACIONAL,GUERRILLA,FARC,,,0.0,0,0,1,0,0,19130,1999
128,AP,128,1999-8-31,1999-8-31,6.156172443,-71.76492254,CR007060,AGENTE DEL ESTADO,POLICÍA NACIONAL,GUERRILLA,FARC,,,0.0,0,0,1,0,0,85125,1999
129,AP,129,1999-10-15,1999-10-15,2.349976425,-76.68423879,CR007063,AGENTE DEL ESTADO,POLICÍA NACIONAL,GUERRILLA,FARC,,,0.0,0,0,1,0,0,19807,1999
130,AP,130,1999-11-16,1999-11-16,3.153198542,-75.05427025,CR007064,AGENTE DEL ESTADO,POLICÍA NACIONAL,GUERRILLA,FARC,,,6.0,0,0,1,0,0,41078,1999
131,AP,131,1999-11-29,1999-11-29,5.987644906,-72.74913738,CR007065,AGENTE DEL ESTADO,POLICÍA NACIONAL,GUERRILLA,FARC,,,0.0,0,0,1,0,0,15537,1999
132,AP,132,1999-11-30,1999-11-30,4.744809893,-74.53370501,CR007066,AGENTE DEL ESTADO,POLICÍA NACIONAL,GUERRILLA,FARC,,,0.0,0,0,1,0,0,25596,1999
133,AP,133,1999-12-3,1999-12-3,2.388235626,-75.54121989,CR007067,AGENTE DEL ESTADO,POLICÍA NACIONAL,GUERRILLA,FARC,,,4.0,0,0,1,0,0,41306,1999
134,AP,134,1999-12-8,1999-12-8,8.510578756,-73.44668712,CR007068,AGENTE DEL ESTADO,POLICÍA NACIONAL,GUERRILLA,FARC/ELN,,,3.0,0,0,1,0,0,54245,1999
135,AP,135,1999-12-9,1999-12-9,2.522447597,-75.31537288,CR007069,AGENTE DEL ESTADO,POLICÍA NACIONAL,GUERRILLA,FARC,,,6.0,0,0,1,0,0,41020,1999
136,AP,136,1999-12-12,1999-12-12,7.103619083,-77.76275092,CR007071,AGENTE DEL ESTADO,EJÉRCITO NACIONAL - POLICÍA NACIONAL,GUERRILLA,FARC,,,25.0,0,0,1,0,0,27372,1999
137,AP,137,2000-1-11,2000-1-11,0.8545644175,-77.51789656,CR007076,AGENTE DEL ESTADO,POLICÍA NACIONAL,GUERRILLA,FARC,,,0.0,0,0,1,0,0,52215,2000
138,AP,138,2000-3-7,2000-3-7,2.115670227,-76.98097859,CR007083,AGENTE DEL ESTADO,POLICÍA NACIONAL,GUERRILLA,FARC,,,0.0,0,0,1,0,0,19532,2000
139,AP,139,2000-3-9,2000-3-9,3.016053901,-76.48537029,CR007084,AGENTE DEL ESTADO,POLICÍA NACIONAL,GUERRILLA,FARC,,,0.0,0,0,1,0,0,19698,2000
140,AP,140,2000-3-20,2000-3-20,3.391731289,-74.93286382,CR007085,AGENTE DEL ESTADO,POLICÍA NACIONAL,GUERRILLA,FARC,,,0.0,0,0,1,0,0,73024,2000
141,AP,141,2000-6-26,2000-6-26,2.522447597,-75.31537288,CR007093,AGENTE DEL ESTADO,POLICÍA NACIONAL,GUERRILLA,FARC,,,4.0,0,0,1,0,0,41020,2000
142,AP,142,2000-7-7,2000-7-7,3.419827409,-76.24182023,CR007095,AGENTE DEL ESTADO,POLICÍA NACIONAL,GUERRILLA,FARC,,,0.0,0,0,1,0,0,76563,2000
143,AP,143,2000-7-21,2000-7-21,8.297136275,-74.47170385,CR007097,AGENTE DEL ESTADO,EJÉRCITO NACIONAL,GUERRILLA,FARC,,,2.0,0,0,1,0,0,13458,2000
144,AP,144,2000-7-27,2000-7-27,3.233294127,-76.4173078,CR007098,AGENTE DEL ESTADO,POLICÍA NACIONAL,GUERRILLA,FARC,,,0.0,0,0,1,0,0,19573,2000
145,AP,145,2000-8-29,2000-8-29,3.532349153,-76.29858255,CR007102,AGENTE DEL ESTADO,POLICÍA NACIONAL,GUERRILLA,FARC,,,3.0,0,0,1,0,0,76520,2000
146,AP,146,2000-9-1,2000-9-1,3.034070778,-76.40848704,CR007104,AGENTE DEL ESTADO,POLICÍA NACIONAL,GUERRILLA,FARC,,,0.0,0,0,1,0,0,19142,2000
147,AP,147,2000-9-1,2000-9-1,2.349976425,-76.68423879,CR007105,AGENTE DEL ESTADO,POLICÍA NACIONAL,GUERRILLA,FARC,,,0.0,0,0,1,0,0,19807,2000
148,AP,148,2000-7-12,2000-7-12,3.376977129,-74.80281318,CR007108,AGENTE DEL ESTADO,EJÉRCITO NACIONAL,GUERRILLA,FARC,,,5.0,0,0,1,0,0,41206,2000
149,AP,149,1994-7-17,1994-7-17,5.727729878,-71.9928596,CR007113,AGENTE DEL ESTADO,POLICÍA NACIONAL,GUERRILLA,FARC,,,1.0,0,0,1,0,0,85263,1994
150,AP,150,1995-11-29,1995-11-29,5.754242228,-72.79809049,CR007116,AGENTE DEL ESTADO,POLICÍA NACIONAL,GUERRILLA,FARC,,,0.0,0,0,1,0,0,15464,1995
151,AP,151,1996-1-22,1996-1-22,3.539036003,-74.89684475,CR007118,AGENTE DEL ESTADO,POLICÍA NACIONAL,GUERRILLA,FARC,,,4.0,0,0,1,0,0,73236,1996
152,AP,152,1993-10-28,1993-10-28,6.912304726,-75.08252428,CR007120,AGENTE DEL ESTADO,POLICÍA NACIONAL,GUERRILLA,ELN,,,7.0,0,0,1,0,0,5031,1993
153,AP,153,1994-7-19,1994-7-19,4.309854412,-74.30545993,CR007121,AGENTE DEL ESTADO,POLICÍA NACIONAL,GUERRILLA,FARC,,,3.0,0,0,1,0,0,25535,1994
154,AP,154,1993-1-25,1993-1-25,5.909821031,-72.78101116,CR007122,AGENTE DEL ESTADO,POLICÍA NACIONAL,GUERRILLA,COORDINADORA GUERRILLERA SIMÓN BOLÍVAR,,,0.0,0,0,1,0,0,15790,1993
155,AP,155,1995-12-3,1995-12-3,9.545351624,-75.31269631,CR007125,AGENTE DEL ESTADO,POLICÍA NACIONAL,GUERRILLA,FARC,,,0.0,0,0,1,0,0,70230,1995
156,AP,156,2002-4-15,2002-4-15,1.601339314,-76.97053174,CR007138,AGENTE DEL ESTADO,POLICÍA NACIONAL,GUERRILLA,FARC,,,0.0,0,0,1,0,0,52378,2002
157,AP,157,2002-7-11,2002-7-11,2.951450409,-76.27112721,CR007140,AGENTE DEL ESTADO,POLICÍA NACIONAL,GUERRILLA,FARC,GUERRILLA,FARC,1.0,0,0,1,0,0,19821,2002
158,AP,158,1998-7-17,1998-7-17,3.233294127,-76.4173078,CR007143,AGENTE DEL ESTADO,POLICÍA NACIONAL,GUERRILLA,FARC,,,0.0,0,0,1,0,0,19573,1998
159,AP,159,2011-5-20,2011-5-20,2.798130826,-76.48444786,CR007154,AGENTE DEL ESTADO,POLICÍA NACIONAL,GUERRILLA,FARC,,,0.0,0,0,1,0,0,19137,2011
160,AP,160,1999-5-21,1999-5-21,8.113765068,-72.85098176,CR007155,AGENTE DEL ESTADO,POLICÍA NACIONAL,GUERRILLA,ELN,,,1.0,0,0,1,0,0,54720,1999
161,AP,161,1998-8-21,1998-8-21,3.6120629,-76.27186854,CR007158,AGENTE DEL ESTADO,POLICÍA NACIONAL,GUERRILLA,"DISIDENCIA M19 ""JAIME BATEMAN CAYÓN""",,,0.0,0,0,1,0,0,76248,1998
162,AP,162,2000-10-22,2000-10-22,6.449379486,-71.75861086,CR007161,AGENTE DEL ESTADO,POLICÍA NACIONAL,GUERRILLA,FARC,,,0.0,0,0,1,0,0,81794,2000
163,AP,163,2001-2-23,2001-2-23,3.912976052,-75.48090671,CR007165,AGENTE DEL ESTADO,POLICÍA NACIONAL,GUERRILLA,FARC,GUERRILLA,FARC,2.0,0,0,1,0,0,73675,2001
164,AP,164,2000-1-11,2000-1-11,0.8851251748,-77.50421065,CR007205,AGENTE DEL ESTADO,POLICÍA NACIONAL,GUERRILLA,FARC,,,4.0,0,0,1,0,0,52573,2000
165,AP,165,1999-7-23,1999-7-23,4.334609695,-75.83031805,CR008010,AGENTE DEL ESTADO,POLICÍA NACIONAL,GUERRILLA,FARC,,,1.0,0,0,1,0,0,76122,1999
166,AP,166,1999-12-2,1999-12-2,1.837416404,-76.96631204,CR008013,AGENTE DEL ESTADO,POLICÍA NACIONAL,GUERRILLA,ELN,,,0.0,0,0,1,0,0,19100,1999
167,AP,167,2000-1-11,2000-1-11,0.8063404168,-77.57279178,CR008026,AGENTE DEL ESTADO,POLICÍA NACIONAL,GUERRILLA,FARC,,,1.0,0,0,1,0,0,52560,2000
168,AP,168,2000-1-31,2000-1-31,2.959701537,-76.69344711,CR008032,AGENTE DEL ESTADO,POLICÍA NACIONAL,GUERRILLA,FARC,,,1.0,0,0,1,0,0,19780,2000
169,AP,169,2000-6-16,2000-6-16,2.641366768,-75.97196451,CR008059,AGENTE DEL ESTADO,POLICÍA NACIONAL,GUERRILLA,FARC,,,0.0,0,0,1,0,0,19517,2000
170,AP,170,2000-8-29,2000-8-29,3.532349153,-76.29858255,CR008080,AGENTE DEL ESTADO,POLICÍA NACIONAL,GUERRILLA,"DISIDENCIA M19 ""JAIME BATEMAN CAYÓN""",,,0.0,0,0,1,0,0,76520,2000
171,AP,171,1999-5-19,1999-5-19,2.611815645,-76.37957042,CR008288,AGENTE DEL ESTADO,POLICÍA NACIONAL,GUERRILLA,FARC,,,2.0,0,0,1,0,0,19743,1999
172,AP,172,1998-5-20,1998-5-20,4.802811459,-74.7418023,CR008295,AGENTE DEL ESTADO,POLICÍA NACIONAL,GUERRILLA,FARC,,,1.0,0,0,1,0,0,25086,1998
173,AP,173,2002-8-12,2002-8-12,1.494547405,-77.52132596,CR008296,AGENTE DEL ESTADO,POLICÍA NACIONAL,AGENTE DEL ESTADO,EJÉRCITO NACIONAL,GUERRILLA,FARC,1.0,0,0,1,0,0,52418,2002
174,AP,174,2002-3-16,2002-3-16,4.717966593,-74.92917085,CR008309,AGENTE DEL ESTADO,POLICÍA NACIONAL,GUERRILLA,FARC,,,0.0,0,0,1,0,0,73861,2002
175,AP,175,1999-3-16,1999-3-16,5.909821031,-72.78101116,CR009075,AGENTE DEL ESTADO,POLICÍA NACIONAL,GUERRILLA,FARC,,,0.0,0,0,1,0,0,15790,1999
176,AP,176,1997-2-6,1997-2-6,7.000092875,-72.11068776,CR009077,AGENTE DEL ESTADO,POLICÍA NACIONAL,GUERRILLA,ELN,,,10.0,0,0,1,0,0,15223,1997
177,AP,177,2005-4-13,2005-4-13,1.221985919,-77.67702224,CR011018,AGENTE DEL ESTADO,POLICÍA NACIONAL,GUERRILLA,FARC/ELN,,,2.0,0,0,1,0,0,52699,2005
178,AP,178,2001-10-19,2001-10-19,4.496132932,-75.07474109,CR011023,AGENTE DEL ESTADO,POLICÍA NACIONAL,GUERRILLA,FARC,,,6.0,0,0,1,0,0,73001,2001
179,AP,179,2013-1-23,2013-1-23,2.256754909,-77.24945028,CR011026,AGENTE DEL ESTADO,POLICÍA NACIONAL,GUERRILLA,ELN,,,0.0,0,0,1,0,0,19050,2013
180,AP,180,2012-12-31,2012-12-31,2.256754909,-77.24945028,CR011032,AGENTE DEL ESTADO,EJÉRCITO NACIONAL - POLICÍA NACIONAL,GUERRILLA,FARC,,,0.0,0,0,1,0,0,19050,2012
181,AP,181,2013-3-2,2013-3-2,5.7442659,-76.53997536,CR011041,AGENTE DEL ESTADO,POLICÍA NACIONAL,GUERRILLA,FARC,,,0.0,0,0,1,0,0,27001,2013
182,AP,182,2012-3-3,2012-3-3,2.777413702,-77.66756524,CR012021,AGENTE DEL ESTADO,EJÉRCITO NACIONAL - POLICÍA NACIONAL,GUERRILLA,FARC,,,0.0,0,0,1,0,0,19809,2012
183,AP,183,2000-6-26,2000-6-26,2.522447597,-75.31537288,CR012152,AGENTE DEL ESTADO,POLICÍA NACIONAL,GUERRILLA,FARC,,,2.0,0,0,1,0,0,41020,2000
184,AP,184,2003-7-11,2003-7-11,1.335351879,-77.59445713,CR014022,AGENTE DEL ESTADO,POLICÍA NACIONAL,GUERRILLA,ELN,,,4.0,0,0,1,0,0,52678,2003
185,AP,185,2005-6-14,2005-6-14,1.335351879,-77.59445713,CR014024,AGENTE DEL ESTADO,EJÉRCITO NACIONAL - POLICÍA NACIONAL,GUERRILLA,FARC,,,0.0,0,0,1,0,0,52678,2005
186,AP,186,2014-4-30,2014-4-30,8.40015189,-73.20605269,CR014135,AGENTE DEL ESTADO,POLICÍA NACIONAL,GUERRILLA,NO IDENTIFICADA,,,0.0,0,0,1,0,0,54670,2014
187,AP,187,2001-9-29,2001-9-29,1.479172635,-75.43640776,CR014146,GRUPO ARMADO NO IDENTIFICADO,NO APLICA,GUERRILLA,FARC,,,0.0,0,0,0,0,0,18410,2001
188,AP,188,2002-6-10,2002-6-10,0.8063404168,-77.57279178,CR016014,AGENTE DEL ESTADO,POLICÍA NACIONAL,GUERRILLA,FARC,,,0.0,0,0,1,0,0,52560,2002
189,AP,189,1999-6-1,1999-6-1,5.754242228,-72.79809049,CR016029,AGENTE DEL ESTADO,POLICÍA NACIONAL,GUERRILLA,ELN,,,1.0,0,0,1,0,0,15464,1999
190,AP,190,1989-12-15,1989-12-15,6.916808512,-75.67473253,CR016500,AGENTE DEL ESTADO,POLICÍA NACIONAL,GUERRILLA,FARC/EPL,,,0.0,0,0,1,0,0,5647,1989
191,AP,191,2006-3-4,2006-3-4,5.284330464,-75.25940253,CR018129,AGENTE DEL ESTADO,POLICÍA NACIONAL,GUERRILLA,FARC,,,4.0,0,0,1,0,0,17446,2006
192,AP,192,1991-12-30,1991-12-30,6.187082996,-72.47189235,CR018313,AGENTE DEL ESTADO,POLICÍA NACIONAL,GUERRILLA,FARC,,,4.0,0,0,1,0,0,15183,1991
193,AP,193,1992-9-29,1992-9-29,2.477550593,-78.109849,CR018315,AGENTE DEL ESTADO,POLICÍA NACIONAL,GUERRILLA,FARC,,,2.0,0,0,1,0,0,52250,1992
194,AP,194,1994-8-5,1994-8-5,2.641987578,-76.52850592,CR018320,AGENTE DEL ESTADO,POLICÍA NACIONAL,GUERRILLA,FARC,,,4.0,0,0,1,0,0,19548,1994
195,AP,195,1995-3-5,1995-3-5,7.17162903,-75.76467317,CR018321,AGENTE DEL ESTADO,POLICÍA NACIONAL,GUERRILLA,FARC,,,18.0,0,0,1,0,0,5361,1995
196,AP,196,1997-8-1,1997-8-1,1.194583032,-75.70658353,CR018328,AGENTE DEL ESTADO,POLICÍA NACIONAL,GUERRILLA,FARC,,,1.0,0,0,1,0,0,18860,1997
197,AP,197,1997-8-20,1997-8-20,3.98461914,-74.48418723,CR018329,AGENTE DEL ESTADO,POLICÍA NACIONAL,GUERRILLA,FARC,,,3.0,0,0,1,0,0,25120,1997
198,AP,198,1997-11-17,1997-11-17,2.510229193,-76.40244251,CR018330,AGENTE DEL ESTADO,POLICÍA NACIONAL,GUERRILLA,FARC,,,4.0,0,0,1,0,0,19824,1997
199,AP,199,1997-12-11,1997-12-11,6.876563452,-72.85632201,CR018331,AGENTE DEL ESTADO,POLICÍA NACIONAL,GUERRILLA,NO IDENTIFICADA,,,3.0,0,0,1,0,0,68318,1997
200,AP,200,1998-3-25,1998-3-25,3.269732439,-73.37374343,CR018333,AGENTE DEL ESTADO,POLICÍA NACIONAL,GUERRILLA,FARC,,,6.0,0,0,1,0,0,50577,1998
201,AP,201,1998-4-13,1998-4-13,6.303912752,-70.20428555,CR018335,AGENTE DEL ESTADO,POLICÍA NACIONAL,GUERRILLA,FARC/ELN,,,2.0,0,0,1,0,0,81220,1998
202,AP,202,1998-5-9,1998-5-9,5.423680913,-75.70206971,CR018336,AGENTE DEL ESTADO,POLICÍA NACIONAL,GUERRILLA,FARC,,,2.0,0,0,1,0,0,17614,1998
203,AP,203,1998-8-3,1998-8-3,5.297059061,-75.88286047,CR018338,AGENTE DEL ESTADO,POLICÍA NACIONAL,GUERRILLA,FARC,,,15.0,0,0,1,0,0,66456,1998
204,AP,204,1998-9-24,1998-9-24,7.00032194,-76.26297665,CR018339,AGENTE DEL ESTADO,POLICÍA NACIONAL,GUERRILLA,FARC,,,2.0,0,0,1,0,0,5234,1998
205,AP,205,1998-11-1,1998-11-1,1.251190563,-70.23475052,CR018340,AGENTE DEL ESTADO,POLICÍA NACIONAL,GUERRILLA,FARC,,,46.0,0,0,1,0,0,97001,1998
206,AP,206,1998-11-1,1998-11-1,3.197661469,-75.64396147,CR018341,AGENTE DEL ESTADO,EJÉRCITO NACIONAL,GUERRILLA,FARC,GRUPO PARAMILITAR,NO IDENTIFICADO,31.0,0,0,1,0,0,73555,1998
207,AP,207,1999-1-5,1999-1-5,10.4150616,-73.58901062,CR018343,AGENTE DEL ESTADO,POLICÍA NACIONAL,GUERRILLA,FARC,,,3.0,0,0,1,0,0,20570,1999
208,AP,208,1999-4-5,1999-4-5,5.964079131,-75.10268697,CR018344,AGENTE DEL ESTADO,POLICÍA NACIONAL,GUERRILLA,FARC,GUERRILLA,ELN,7.0,0,0,1,0,0,5652,1999
209,AP,209,1999-4-11,1999-4-11,6.77344632,-74.79872695,CR018345,AGENTE DEL ESTADO,POLICÍA NACIONAL,GUERRILLA,FARC/ELN,GUERRILLA,ELN,2.0,0,0,1,0,0,5858,1999
210,AP,210,1999-6-9,1999-6-9,6.483027406,-72.49700735,CR018348,AGENTE DEL ESTADO,POLICÍA NACIONAL,GUERRILLA,FARC,,,15.0,0,0,1,0,0,15248,1999
211,AP,211,1999-7-10,1999-7-10,3.269732439,-73.37374343,CR018349,AGENTE DEL ESTADO,EJÉRCITO NACIONAL - POLICÍA NACIONAL,GUERRILLA,FARC,,,43.0,0,0,1,0,0,50577,1999
212,AP,212,1999-7-29,1999-7-29,5.610774585,-75.17626132,CR018350,AGENTE DEL ESTADO,POLICÍA NACIONAL,GUERRILLA,FARC,,,19.0,0,0,1,0,0,5483,1999
213,AP,213,1999-8-13,1999-8-13,5.078464508,-75.12096615,CR018352,AGENTE DEL ESTADO,POLICÍA NACIONAL,GUERRILLA,ELN,GUERRILLA,FARC,1.0,0,0,1,0,0,73152,1999
214,AP,214,1999-12-9,1999-12-9,1.033473748,-75.91920435,CR018356,AGENTE DEL ESTADO,POLICÍA NACIONAL,GUERRILLA,FARC,,,3.0,0,0,1,0,0,18205,1999
215,AP,215,1999-12-11,1999-12-11,6.042983285,-74.993641,CR018357,AGENTE DEL ESTADO,POLICÍA NACIONAL,GUERRILLA,FARC,,,11.0,0,0,1,0,0,5660,1999
216,AP,216,2000-3-25,2000-3-25,6.588119845,-76.89618698,CR018359,AGENTE DEL ESTADO,POLICÍA NACIONAL,GUERRILLA,FARC,,,33.0,0,0,1,0,0,5873,2000
217,AP,217,2000-7-11,2000-7-11,2.939755223,-75.58611594,CR018362,AGENTE DEL ESTADO,POLICÍA NACIONAL,GUERRILLA,FARC,,,0.0,0,0,1,0,0,41676,2000
218,AP,218,2000-7-27,2000-7-27,1.669426894,-77.01392439,CR018363,AGENTE DEL ESTADO,POLICÍA NACIONAL,GUERRILLA,FARC,,,2.0,0,0,1,0,0,52693,2000
219,AP,219,2000-7-29,2000-7-29,5.383280594,-75.16029852,CR018364,AGENTE DEL ESTADO,POLICÍA NACIONAL,GUERRILLA,FARC,,,16.0,0,0,1,0,0,17541,2000
220,AP,220,2000-8-5,2000-8-5,5.899751361,-76.14222986,CR018365,AGENTE DEL ESTADO,POLICÍA NACIONAL,GUERRILLA,FARC,,,13.0,0,0,1,0,0,27245,2000
221,AP,221,2000-8-29,2000-8-29,3.016053901,-76.48537029,CR018366,AGENTE DEL ESTADO,POLICÍA NACIONAL,GUERRILLA,FARC,,,3.0,0,0,1,0,0,19698,2000
222,AP,222,2000-10-18,2000-10-18,5.41055496,-76.41529299,CR018368,AGENTE DEL ESTADO,EJÉRCITO NACIONAL - POLICÍA NACIONAL,GUERRILLA,ERG,GUERRILLA,FARC/ELN,5.0,0,0,1,0,0,27073,2000
223,AP,223,2000-12-12,2000-12-12,1.474978015,-77.08071233,CR018371,AGENTE DEL ESTADO,POLICÍA NACIONAL,GUERRILLA,FARC,,,3.0,0,0,1,0,0,52019,2000
224,AP,224,2001-3-16,2001-3-16,2.347584488,-78.32561871,CR018372,AGENTE DEL ESTADO,POLICÍA NACIONAL,GUERRILLA,FARC,,,3.0,0,0,1,0,0,52490,2001
225,AP,225,2001-4-4,2001-4-4,3.590635737,-75.38253426,CR018373,AGENTE DEL ESTADO,POLICÍA NACIONAL,GUERRILLA,FARC,GUERRILLA,FARC,2.0,0,0,1,0,0,73067,2001
226,AP,226,2001-4-15,2001-4-15,7.580120815,-75.40140596,CR018374,GUERRILLA,FARC,GRUPO PARAMILITAR,AUTODEFENSAS UNIDAS DE COLOMBIA AUC,,,20.0,0,0,1,0,0,5790,2001
227,AP,227,2001-8-11,2001-8-11,4.627473618,-75.09645074,CR018375,AGENTE DEL ESTADO,POLICÍA NACIONAL,GUERRILLA,FARC,AGENTE DEL ESTADO,EJÉRCITO NACIONAL,25.0,0,0,1,0,0,73043,2001
228,AP,228,2001-10-8,2001-10-8,1.474978015,-77.08071233,CR018377,AGENTE DEL ESTADO,POLICÍA NACIONAL,GUERRILLA,FARC,GUERRILLA,ELN,0.0,0,0,1,0,0,52019,2001
229,AP,229,2002-1-13,2002-1-13,1.474978015,-77.08071233,CR018379,AGENTE DEL ESTADO,POLICÍA NACIONAL,GUERRILLA,FARC,GUERRILLA,ELN,10.0,0,0,1,0,0,52019,2002
230,AP,230,2002-2-25,2002-2-25,5.518603543,-72.88398481,CR018382,AGENTE DEL ESTADO,POLICÍA NACIONAL,GUERRILLA,FARC,,,2.0,0,0,1,0,0,15047,2002
231,AP,231,2002-7-29,2002-7-29,0.8629781032,-77.72894683,CR018393,AGENTE DEL ESTADO,POLICÍA NACIONAL,GUERRILLA,FARC,,,10.0,0,0,1,0,0,52224,2002
232,AP,232,1990-4-7,1990-4-7,1.200115733,-76.91748216,CR018403,AGENTE DEL ESTADO,POLICÍA NACIONAL,GUERRILLA,COORDINADORA GUERRILLERA SIMÓN BOLÍVAR,,,5.0,0,0,1,0,0,86749,1990
233,AP,233,1990-6-29,1990-6-29,8.255016584,-76.15071869,CR018436,AGENTE DEL ESTADO,POLICÍA NACIONAL,GUERRILLA,COORDINADORA GUERRILLERA SIMÓN BOLÍVAR,,,0.0,0,0,1,0,0,23855,1990
234,AP,234,1991-5-13,1991-5-13,5.829826597,-72.16182524,CR018466,AGENTE DEL ESTADO,POLICÍA NACIONAL,GUERRILLA,COORDINADORA GUERRILLERA SIMÓN BOLÍVAR,,,4.0,0,0,1,0,0,85400,1991
235,AP,235,1997-7-21,1997-7-21,8.081784141,-73.2217344,CR018477,AGENTE DEL ESTADO,EJÉRCITO NACIONAL - POLICÍA NACIONAL,GUERRILLA,ELN,,,0.0,0,0,1,0,0,54003,1997
236,AP,236,1997-7-24,1997-7-24,2.641987578,-76.52850592,CR018478,AGENTE DEL ESTADO,POLICÍA NACIONAL,GUERRILLA,FARC,,,0.0,0,0,1,0,0,19548,1997
237,AP,237,1997-8-3,1997-8-3,4.693578672,-73.52016136,CR018479,AGENTE DEL ESTADO,POLICÍA NACIONAL,GUERRILLA,FARC,,,0.0,0,0,1,0,0,25293,1997
238,AP,238,1997-8-8,1997-8-8,4.713605767,-75.09793439,CR018480,AGENTE DEL ESTADO,POLICÍA NACIONAL,GUERRILLA,FARC,,,0.0,0,0,1,0,0,73686,1997
239,AP,239,1997-9-1,1997-9-1,0.3432722044,-76.91241019,CR018481,AGENTE DEL ESTADO,EJÉRCITO NACIONAL - POLICÍA NACIONAL,GUERRILLA,FARC,,,24.0,0,0,1,0,0,86757,1997
240,AP,240,1997-9-13,1997-9-13,4.681785104,-74.71447646,CR018483,AGENTE DEL ESTADO,POLICÍA NACIONAL,GUERRILLA,FARC,GUERRILLA,FARC,0.0,0,0,1,0,0,25580,1997
241,AP,241,1997-11-21,1997-11-21,2.641987578,-76.52850592,CR018485,AGENTE DEL ESTADO,POLICÍA NACIONAL,GUERRILLA,FARC,,,0.0,0,0,1,0,0,19548,1997
242,AP,242,1997-12-4,1997-12-4,4.207477888,-75.78981661,CR018486,AGENTE DEL ESTADO,POLICÍA NACIONAL,GUERRILLA,FARC,,,2.0,0,0,1,0,0,63302,1997
243,AP,243,1997-12-16,1997-12-16,2.785615005,-76.51863329,CR018487,AGENTE DEL ESTADO,POLICÍA NACIONAL,GUERRILLA,FARC,,,1.0,0,0,1,0,0,19137,1997
244,AP,244,1998-1-19,1998-1-19,6.462863755,-72.41176261,CR018488,AGENTE DEL ESTADO,POLICÍA NACIONAL,GUERRILLA,FARC/ELN,,,2.0,0,0,1,0,0,15332,1998
245,AP,245,1998-1-27,1998-1-27,5.357400116,-73.20847397,CR018489,AGENTE DEL ESTADO,POLICÍA NACIONAL,GUERRILLA,FARC,,,0.0,0,0,1,0,0,15621,1998
246,AP,246,1998-2-11,1998-2-11,4.7633382,-73.61102894,CR018490,AGENTE DEL ESTADO,POLICÍA NACIONAL,GUERRILLA,FARC,,,1.0,0,0,1,0,0,25299,1998
247,AP,247,1998-2-16,1998-2-16,5.068933019,-74.37772796,CR018491,AGENTE DEL ESTADO,POLICÍA NACIONAL,GUERRILLA,FARC,,,2.0,0,0,1,0,0,25491,1998
248,AP,248,1998-2-22,1998-2-22,3.864015396,-74.71143886,CR018494,AGENTE DEL ESTADO,POLICÍA NACIONAL,GUERRILLA,FARC,,,0.0,0,0,1,0,0,73226,1998
249,AP,249,1998-3-14,1998-3-14,3.323918106,-76.23450174,CR018495,AGENTE DEL ESTADO,POLICÍA NACIONAL,GUERRILLA,FARC,,,0.0,0,0,1,0,0,76275,1998
250,AP,250,1998-3-30,1998-3-30,3.1257521,-73.75116676,CR018496,AGENTE DEL ESTADO,POLICÍA NACIONAL,GUERRILLA,FARC,,,0.0,0,0,1,0,0,50711,1998
251,AP,251,1998-4-30,1998-4-30,7.577861416,-72.47670824,CR018497,AGENTE DEL ESTADO,POLICÍA NACIONAL,GUERRILLA,ELN,,,2.0,0,0,1,0,0,54599,1998
252,AP,252,1998-5-20,1998-5-20,4.802811459,-74.7418023,CR018498,AGENTE DEL ESTADO,POLICÍA NACIONAL,GUERRILLA,FARC,,,1.0,0,0,1,0,0,25086,1998
253,AP,253,1998-5-21,1998-5-21,5.884075881,-75.31582209,CR018499,AGENTE DEL ESTADO,POLICÍA NACIONAL,GUERRILLA,FARC,GUERRILLA,ELN,0.0,0,0,1,0,0,5400,1998
254,AP,254,1998-5-21,1998-5-21,8.276306771,-73.86814048,CR018500,AGENTE DEL ESTADO,EJÉRCITO NACIONAL,GUERRILLA,NO IDENTIFICADA,,,4.0,0,0,1,0,0,13473,1998
255,AP,255,1998-5-25,1998-5-25,6.218748615,-73.81108528,CR018501,AGENTE DEL ESTADO,POLICÍA NACIONAL,GUERRILLA,ELN,,,0.0,0,0,1,0,0,68385,1998
256,AP,256,1998-6-5,1998-6-5,4.059259258,-74.69222722,CR018502,AGENTE DEL ESTADO,POLICÍA NACIONAL,GUERRILLA,FARC,,,0.0,0,0,1,0,0,73226,1998
257,AP,257,1998-6-19,1998-6-19,3.26227576,-76.54245873,CR018503,AGENTE DEL ESTADO,POLICÍA NACIONAL,GUERRILLA,ELN,,,2.0,0,0,1,0,0,76364,1998
258,AP,258,1998-7-17,1998-7-17,5.459290341,-74.33802435,CR018505,AGENTE DEL ESTADO,POLICÍA NACIONAL,GUERRILLA,FARC,,,0.0,0,0,1,0,0,25885,1998
259,AP,259,1998-7-31,1998-7-31,6.058306335,-75.18548101,CR018506,AGENTE DEL ESTADO,POLICÍA NACIONAL,GUERRILLA,ELN,,,3.0,0,0,1,0,0,5197,1998
260,AP,260,1998-8-1,1998-8-1,1.494547405,-77.52132596,CR018507,AGENTE DEL ESTADO,POLICÍA NACIONAL,GUERRILLA,FARC,,,0.0,0,0,1,0,0,52418,1998
261,AP,261,1998-8-2,1998-8-2,8.937090811,-74.03901175,CR018508,AGENTE DEL ESTADO,POLICÍA NACIONAL,GUERRILLA,ELN,,,0.0,0,0,1,0,0,13667,1998
262,AP,262,1998-8-2,1998-8-2,2.623338254,-76.57088427,CR018509,AGENTE DEL ESTADO,POLICÍA NACIONAL,GUERRILLA,FARC,,,0.0,0,0,1,0,0,19130,1998
263,AP,263,1998-8-2,1998-8-2,3.173815457,-76.26131419,CR018510,AGENTE DEL ESTADO,POLICÍA NACIONAL,GUERRILLA,NO IDENTIFICADA,,,0.0,0,0,1,0,0,19212,1998
264,AP,264,1998-8-3,1998-8-3,9.586907918,-74.82746263,CR018511,AGENTE DEL ESTADO,POLICÍA NACIONAL,GUERRILLA,FARC,,,1.0,0,0,1,0,0,13212,1998
265,AP,265,1998-8-4,1998-8-4,3.239652997,-74.35154535,CR018512,AGENTE DEL ESTADO,EJÉRCITO NACIONAL - POLICÍA NACIONAL,GUERRILLA,FARC,,,33.0,0,0,1,0,0,50370,1998
266,AP,266,1998-8-4,1998-8-4,3.624858538,-75.093478,CR018513,AGENTE DEL ESTADO,POLICÍA NACIONAL,GUERRILLA,FARC,,,0.0,0,0,1,0,0,73483,1998
267,AP,267,1998-8-12,1998-8-12,10.56016864,-73.01250679,CR018514,AGENTE DEL ESTADO,EJÉRCITO NACIONAL - POLICÍA NACIONAL,GUERRILLA,FARC,,,2.0,0,0,1,0,0,44855,1998
268,AP,268,1998-8-16,1998-8-16,2.45137136,-76.81077225,CR018515,AGENTE DEL ESTADO,POLICÍA NACIONAL,GUERRILLA,FARC,,,0.0,0,0,1,0,0,19256,1998
269,AP,269,1998-8-19,1998-8-19,7.138122324,-72.66543492,CR018517,AGENTE DEL ESTADO,POLICÍA NACIONAL,GUERRILLA,ELN,,,3.0,0,0,1,0,0,54174,1998
270,AP,270,1998-9-15,1998-9-15,6.156172443,-71.76492254,CR018519,AGENTE DEL ESTADO,POLICÍA NACIONAL,GUERRILLA,FARC,,,5.0,0,0,1,0,0,85125,1998
271,AP,271,1998-9-24,1998-9-24,9.25827144,-73.81332845,CR018520,AGENTE DEL ESTADO,POLICÍA NACIONAL,GUERRILLA,FARC,GUERRILLA,ELN,1.0,0,0,1,0,0,20175,1998
272,AP,272,1998-9-28,1998-9-28,2.256754909,-77.24945028,CR018528,AGENTE DEL ESTADO,POLICÍA NACIONAL,GUERRILLA,FARC,,,0.0,0,0,1,0,0,19050,1998
273,AP,273,1998-10-2,1998-10-2,4.744809893,-74.53370501,CR018529,AGENTE DEL ESTADO,POLICÍA NACIONAL,GUERRILLA,FARC,,,0.0,0,0,1,0,0,25596,1998
274,AP,274,1998-10-11,1998-10-11,5.75887024,-73.91385377,CR018530,AGENTE DEL ESTADO,POLICÍA NACIONAL,GUERRILLA,FARC,,,2.0,0,0,1,0,0,68020,1998
275,AP,275,1998-10-14,1998-10-14,1.474978015,-77.08071233,CR018531,AGENTE DEL ESTADO,POLICÍA NACIONAL,GUERRILLA,FARC,,,3.0,0,0,1,0,0,52019,1998
276,AP,276,1998-10-27,1998-10-27,8.321714562,-73.14597535,CR018536,AGENTE DEL ESTADO,EJÉRCITO NACIONAL - POLICÍA NACIONAL,GUERRILLA,FARC,GUERRILLA,ELN,17.0,0,0,1,0,0,54344,1998
277,AP,277,1998-11-26,1998-11-26,2.785615005,-76.51863329,CR018538,AGENTE DEL ESTADO,POLICÍA NACIONAL,GUERRILLA,FARC,,,0.0,0,0,1,0,0,19137,1998
278,AP,278,1998-11-30,1998-11-30,6.058306335,-75.18548101,CR018539,AGENTE DEL ESTADO,POLICÍA NACIONAL,GUERRILLA,FARC,GUERRILLA,ELN,0.0,0,0,1,0,0,5197,1998
279,AP,279,1998-11-30,1998-11-30,5.964079131,-75.10268697,CR018540,AGENTE DEL ESTADO,POLICÍA NACIONAL,GUERRILLA,FARC,GUERRILLA,ELN,12.0,0,0,1,0,0,5652,1998
280,AP,280,1998-12-12,1998-12-12,2.522447597,-75.31537288,CR018541,AGENTE DEL ESTADO,POLICÍA NACIONAL,GUERRILLA,FARC,,,1.0,0,0,1,0,0,41020,1998
281,AP,281,1998-12-14,1998-12-14,1.669426894,-77.01392439,CR018543,AGENTE DEL ESTADO,POLICÍA NACIONAL,GUERRILLA,FARC,,,0.0,0,0,1,0,0,52693,1998
282,AP,282,1998-12-26,1998-12-26,9.704606116,-73.27923167,CR018545,AGENTE DEL ESTADO,POLICÍA NACIONAL,GUERRILLA,FARC,,,0.0,0,0,1,0,0,20045,1998
283,AP,283,1998-12-28,1998-12-28,6.805115616,-76.24705835,CR018546,AGENTE DEL ESTADO,POLICÍA NACIONAL,GUERRILLA,FARC,,,1.0,0,0,1,0,0,5284,1998
284,AP,284,1999-1-4,1999-1-4,3.034070778,-76.40848704,CR018548,AGENTE DEL ESTADO,POLICÍA NACIONAL,GUERRILLA,FARC,,,0.0,0,0,1,0,0,19142,1999
285,AP,285,1999-1-27,1999-1-27,4.348314659,-74.45234352,CR018550,AGENTE DEL ESTADO,POLICÍA NACIONAL,GUERRILLA,FARC,,,2.0,0,0,1,0,0,25805,1999
286,AP,286,1999-2-6,1999-2-6,5.030452282,-75.1177291,CR018551,AGENTE DEL ESTADO,POLICÍA NACIONAL,GUERRILLA,ELN,,,0.0,0,0,1,0,0,73870,1999
287,AP,287,1999-3-10,1999-3-10,2.641987578,-76.52850592,CR018553,AGENTE DEL ESTADO,POLICÍA NACIONAL,GUERRILLA,FARC,,,0.0,0,0,1,0,0,19548,1999
288,AP,288,1999-3-10,1999-3-10,3.016053901,-76.48537029,CR018555,AGENTE DEL ESTADO,POLICÍA NACIONAL,GUERRILLA,FARC,,,0.0,0,0,1,0,0,19698,1999
289,AP,289,1999-3-19,1999-3-19,3.657308485,-76.68887101,CR018558,AGENTE DEL ESTADO,POLICÍA NACIONAL,GUERRILLA,FARC,,,2.0,0,0,1,0,0,76233,1999
290,AP,290,1999-4-16,1999-4-16,6.554050428,-72.50183507,CR018562,AGENTE DEL ESTADO,POLICÍA NACIONAL,GUERRILLA,FARC,GUERRILLA,ELN,0.0,0,0,1,0,0,15180,1999
291,AP,291,1999-4-17,1999-4-17,2.754558567,-76.62922056,CR018565,AGENTE DEL ESTADO,POLICÍA NACIONAL,GUERRILLA,FARC,,,0.0,0,0,1,0,0,19473,1999
292,AP,292,1999-4-19,1999-4-19,6.303912752,-70.20428555,CR018566,AGENTE DEL ESTADO,POLICÍA NACIONAL,GUERRILLA,FARC,,,0.0,0,0,1,0,0,81220,1999
293,AP,293,1999-4-20,1999-4-20,8.660556373,-77.36619749,CR018567,AGENTE DEL ESTADO,POLICÍA NACIONAL,GUERRILLA,FARC,,,1.0,0,0,1,0,0,27006,1999
294,AP,294,1999-5-1,1999-5-1,7.00032194,-76.26297665,CR018571,AGENTE DEL ESTADO,POLICÍA NACIONAL,GUERRILLA,FARC,,,0.0,0,0,1,0,0,5234,1999
295,AP,295,1999-5-1,1999-5-1,6.316206406,-72.5599847,CR018573,AGENTE DEL ESTADO,POLICÍA NACIONAL,GUERRILLA,FARC,GUERRILLA,ELN,1.0,0,0,1,0,0,15403,1999
296,AP,296,1999-5-7,1999-5-7,2.260979699,-76.74035187,CR018574,AGENTE DEL ESTADO,POLICÍA NACIONAL,GUERRILLA,FARC,,,0.0,0,0,1,0,0,19622,1999
297,AP,297,1999-5-8,1999-5-8,3.912976052,-75.48090671,CR018575,AGENTE DEL ESTADO,POLICÍA NACIONAL,GUERRILLA,FARC,,,0.0,0,0,1,0,0,73675,1999
298,AP,298,1999-5-14,1999-5-14,5.727729878,-71.9928596,CR018576,AGENTE DEL ESTADO,POLICÍA NACIONAL,GUERRILLA,FARC,,,2.0,0,0,1,0,0,85263,1999
299,AP,299,1999-5-29,1999-5-29,7.347884751,-72.9463583,CR018581,AGENTE DEL ESTADO,POLICÍA NACIONAL,GUERRILLA,ELN,,,0.0,0,0,1,0,0,68132,1999
300,AP,300,1999-5-31,1999-5-31,10.4150616,-73.58901062,CR018582,AGENTE DEL ESTADO,POLICÍA NACIONAL,GUERRILLA,FARC,,,6.0,0,0,1,0,0,20570,1999
301,AP,301,1999-6-6,1999-6-6,3.386750682,-75.7097785,CR018583,AGENTE DEL ESTADO,POLICÍA NACIONAL,GUERRILLA,FARC,,,0.0,0,0,1,0,0,73616,1999
302,AP,302,1999-6-8,1999-6-8,6.290561328,-73.47442637,CR018586,AGENTE DEL ESTADO,EJÉRCITO NACIONAL - POLICÍA NACIONAL,GUERRILLA,FARC,GUERRILLA,ELN,0.0,0,0,1,0,0,68211,1999
303,AP,303,1999-7-9,1999-7-9,2.522447597,-75.31537288,CR018590,AGENTE DEL ESTADO,POLICÍA NACIONAL,GUERRILLA,FARC,,,1.0,0,0,1,0,0,41020,1999
304,AP,304,2005-12-27,2005-12-27,4.651204152,-76.64440389,CR018926,AGENTE DEL ESTADO,POLICÍA NACIONAL,GUERRILLA,FARC/ELN,,,10.0,0,0,1,0,0,27745,2005
305,AP,305,1997-1-28,1997-1-28,5.4105549598,-76.4152929877,CR020590,AGENTE DEL ESTADO,POLICÍA NACIONAL,GUERRILLA,ELN,,,6.0,0,0,1,0,0,27073,1997
306,AP,306,1997-10-18,1997-10-18,3.539036003,-74.89684475,CR020737,AGENTE DEL ESTADO,POLICÍA NACIONAL,GUERRILLA,FARC,,,0.0,0,0,1,0,0,73236,1997
307,AP,307,1995-1-13,1995-1-13,3.285629458,-75.81865177,CR021001,AGENTE DEL ESTADO,POLICÍA NACIONAL,GUERRILLA,FARC,,,5.0,0,0,1,0,0,73616,1995
308,AP,308,1995-3-6,1995-3-6,7.17162903,-75.76467317,CR021022,AGENTE DEL ESTADO,POLICÍA NACIONAL,GUERRILLA,FARC,,,14.0,0,0,1,0,0,5361,1995
309,AP,309,1995-4-5,1995-4-5,4.339092845,-73.93902036,CR021024,AGENTE DEL ESTADO,POLICÍA NACIONAL,GUERRILLA,FARC,,,0.0,0,0,1,0,0,25281,1995
310,AP,310,1994-8-8,1994-8-8,1.992494881,-76.04414126,CR021072,AGENTE DEL ESTADO,POLICÍA NACIONAL,GUERRILLA,FARC,,,0.0,0,0,1,0,0,41660,1994
311,AP,311,1995-1-13,1995-1-13,6.405567003,-75.98281889,CR021102,AGENTE DEL ESTADO,POLICÍA NACIONAL,GUERRILLA,FARC,,,2.0,0,0,1,0,0,5125,1995
312,AP,312,1995-2-17,1995-2-17,5.829826597,-72.16182524,CR021107,AGENTE DEL ESTADO,POLICÍA NACIONAL,GUERRILLA,FARC,,,2.0,0,0,1,0,0,85400,1995
313,AP,313,1995-10-19,1995-10-19,5.754242228,-72.79809049,CR021136,AGENTE DEL ESTADO,POLICÍA NACIONAL,GUERRILLA,FARC,,,0.0,0,0,1,0,0,15464,1995
314,AP,314,1995-11-29,1995-11-29,5.802337805,-72.80552935,CR021142,AGENTE DEL ESTADO,POLICÍA NACIONAL,GUERRILLA,FARC,,,1.0,0,0,1,0,0,15296,1995
315,AP,315,1996-1-22,1996-1-22,2.641366768,-75.97196451,CR021146,AGENTE DEL ESTADO,POLICÍA NACIONAL,GUERRILLA,FARC,GUERRILLA,FARC,2.0,0,0,1,0,0,19517,1996
316,AP,316,2000-8-29,2000-8-29,7.298339256,-72.49587415,CR021155,AGENTE DEL ESTADO,POLICÍA NACIONAL,GUERRILLA,FARC,,,5.0,0,0,1,0,0,54377,2000
317,AP,317,2003-5-21,2003-5-21,2.611815645,-76.37957042,CR021191,AGENTE DEL ESTADO,POLICÍA NACIONAL,GUERRILLA,FARC,,,0.0,0,0,1,0,0,19743,2003
318,AP,318,2003-7-11,2003-7-11,1.335351879,-77.59445713,CR021198,AGENTE DEL ESTADO,POLICÍA NACIONAL,GUERRILLA,ELN,,,4.0,0,0,1,0,0,52678,2003
319,AP,319,1999-5-24,1999-5-24,3.912976052,-75.48090671,CR021521,AGENTE DEL ESTADO,POLICÍA NACIONAL,GUERRILLA,FARC,,,0.0,0,0,1,0,0,73675,1999
320,AP,320,2002-1-1,2002-1-1,1.290427202,-75.50696203,CR027034,AGENTE DEL ESTADO,POLICÍA NACIONAL,GUERRILLA,FARC,,,4.0,0,0,1,0,0,18460,2002
321,AP,321,2010-11-10,2010-11-10,2.45137136,-76.81077225,CR037243,AGENTE DEL ESTADO,POLICÍA NACIONAL,GUERRILLA,FARC/ELN,,,0.0,0,0,1,0,0,19256,2010
322,AP,322,1988-8-18,1988-8-18,7.138122324,-72.66543492,CR039044,AGENTE DEL ESTADO,NO IDENTIFICADO,GUERRILLA,ELN,,,0.0,0,0,1,0,0,54174,1988
323,AP,323,1996-4-20,1996-4-20,8.170378684,-76.05969659,CR039102,GUERRILLA,NO IDENTIFICADA,GRUPO PARAMILITAR,AUTODEFENSAS UNIDAS DE COLOMBIA AUC,,,3.0,0,0,1,0,0,23807,1996
324,AP,324,2000-12-10,2000-12-10,3.371048831,-75.11115595,CR040099,AGENTE DEL ESTADO,POLICÍA NACIONAL,GUERRILLA,FARC,,,1.0,0,0,1,0,0,41872,2000
325,AP,325,1992-8-18,1992-8-18,8.789323934,-75.11714082,CR042211,AGENTE DEL ESTADO,POLICÍA NACIONAL,GUERRILLA,ELN,,,2.0,0,0,1,0,0,70124,1992
326,AP,326,2012-11-11,2012-11-11,2.959701537,-76.69344711,CR045013,AGENTE DEL ESTADO,POLICÍA NACIONAL,GUERRILLA,FARC,,,0.0,0,0,1,0,0,19780,2012
327,AP,327,2002-11-2,2002-11-2,5.078464508,-75.12096615,CR046872,AGENTE DEL ESTADO,POLICÍA NACIONAL,GUERRILLA,FARC,,,0.0,0,0,1,0,0,73152,2002
328,AP,328,2012-7-5,2012-7-5,2.951450409,-76.27112721,CR047784,AGENTE DEL ESTADO,POLICÍA NACIONAL,AGENTE DEL ESTADO,EJÉRCITO NACIONAL,GUERRILLA,FARC,0.0,0,0,1,0,0,19821,2012
329,AP,329,2012-9-1,2012-9-1,2.040478768,-77.21589814,CR047788,AGENTE DEL ESTADO,EJÉRCITO NACIONAL,AGENTE DEL ESTADO,POLICÍA NACIONAL,GUERRILLA,FARC,0.0,0,0,1,0,0,19075,2012
330,AP,330,1991-10-8,1991-10-8,5.136431386,-70.85974134,CR047919,AGENTE DEL ESTADO,POLICÍA NACIONAL,GUERRILLA,FARC,,,0.0,0,0,1,0,0,99624,1991
331,AP,331,2010-3-20,2010-3-20,2.740968416,-75.56703425,CR048087,AGENTE DEL ESTADO,POLICÍA NACIONAL,GUERRILLA,FARC,,,0.0,0,0,1,0,0,41801,2010
332,AP,332,2001-6-9,2001-6-9,5.714811641,-75.30939515,CR048191,AGENTE DEL ESTADO,POLICÍA NACIONAL,GUERRILLA,FARC,,,0.0,0,0,1,0,0,5756,2001
333,AP,333,2001-9-29,2001-9-29,1.479172635,-75.43640776,CR048228,AGENTE DEL ESTADO,POLICÍA NACIONAL,GUERRILLA,FARC,GRUPO PARAMILITAR,AUTODEFENSAS UNIDAS DE COLOMBIA AUC,1.0,0,0,1,0,0,18410,2001
334,AP,334,2001-8-11,2001-8-11,4.713605767,-75.09793439,CR048255,AGENTE DEL ESTADO,POLICÍA NACIONAL,GUERRILLA,FARC,,,0.0,0,0,1,0,0,73686,2001
335,AP,335,2006-8-4,2006-8-4,5.078464508,-75.12096615,CR048280,GUERRILLA,FARC,GUERRILLA,FARC,,,0.0,0,0,1,0,0,73152,2006
336,AP,336,1997-9-7,1997-9-7,6.676567272,-74.84004673,CR048286,AGENTE DEL ESTADO,POLICÍA NACIONAL,GUERRILLA,ELN,,,0.0,0,0,1,0,0,5885,1997
337,AP,337,2002-2-28,2002-2-28,1.001135181,-77.4489786,CR048736,AGENTE DEL ESTADO,POLICÍA NACIONAL,GUERRILLA,FARC,,,2.0,0,0,1,0,0,52287,2002
338,AP,338,1998-12-25,1998-12-25,1.992494881,-76.04414126,CR048760,AGENTE DEL ESTADO,POLICÍA NACIONAL,GUERRILLA,FARC,,,1.0,0,0,1,0,0,41660,1998
339,AP,339,1999-4-17,1999-4-17,2.623338254,-76.57088427,CR048763,AGENTE DEL ESTADO,POLICÍA NACIONAL,GUERRILLA,FARC,,,0.0,0,0,1,0,0,19130,1999
340,AP,340,1998-3-29,1998-3-29,1.742475705,-77.33456556,CR048767,AGENTE DEL ESTADO,POLICÍA NACIONAL,GUERRILLA,FARC,,,0.0,0,0,1,0,0,52256,1998
341,AP,341,1995-8-6,1995-8-6,1.337574043,-71.95054317,CR048797,AGENTE DEL ESTADO,POLICÍA NACIONAL,GUERRILLA,FARC,,,27.0,0,0,1,0,0,95200,1995
342,AP,342,1996-3-14,1996-3-14,3.323918106,-76.23450174,CR048799,AGENTE DEL ESTADO,POLICÍA NACIONAL,GUERRILLA,FARC,,,1.0,0,0,1,0,0,76275,1996
343,AP,343,1997-12-11,1997-12-11,6.475209953,-72.96981379,CR201711932,AGENTE DEL ESTADO,POLICÍA NACIONAL,GUERRILLA,ELN,,,6.0,0,0,1,0,0,68464,1997
344,AP,344,1998-8-3,1998-8-3,11.2294335,-74.19089412,CR201734862,AGENTE DEL ESTADO,POLICÍA NACIONAL,GUERRILLA,ELN,,,1.0,0,0,1,0,0,47001,1998
345,AP,345,2000-12-26,2000-12-26,4.877968134,-74.46743733,CR201734980,AGENTE DEL ESTADO,POLICÍA NACIONAL,GUERRILLA,FARC,,,2.0,0,0,1,0,0,25328,2000
346,AP,346,2002-12-12,2002-12-12,0.9061853609,-77.79227662,CR2017395353,AGENTE DEL ESTADO,POLICÍA NACIONAL,GUERRILLA,FARC,GUERRILLA,FARC,5.0,0,0,1,0,0,52227,2002
347,AP,347,2006-8-4,2006-8-4,5.078464508,-75.12096615,CR2017422139,AGENTE DEL ESTADO,POLICÍA NACIONAL,GUERRILLA,FARC,,,0.0,0,0,1,0,0,73152,2006
348,AP,348,1992-3-3,1992-3-3,8.389604097,-73.38003986,CR20175860,AGENTE DEL ESTADO,POLICÍA NACIONAL,GRUPO ARMADO NO DIRIMIDO,NO APLICA,,,0.0,0,0,0,0,0,20310,1992
349,AP,349,1988-2-6,1988-2-6,5.789747931,-75.78549855,,AGENTE DEL ESTADO,POLICÍA NACIONAL,GUERRILLA,EPL,,,1.0,0,0,1,0,0,5368,1988
350,AP,350,1988-2-19,1988-2-19,3.369528485,-73.48784863,,AGENTE DEL ESTADO,POLICÍA NACIONAL,GUERRILLA,FARC,,,2.0,0,0,1,0,0,50287,1988
351,AP,351,1988-3-1,1988-3-1,8.688650964,-73.66635487,,AGENTE DEL ESTADO,POLICÍA NACIONAL,AGENTE DEL ESTADO,EJÉRCITO NACIONAL,GUERRILLA,ELN,4.0,0,0,1,0,0,20550,1988
352,AP,352,1988-4-7,1988-4-7,7.17162903,-75.76467317,,AGENTE DEL ESTADO,POLICÍA NACIONAL,GUERRILLA,FARC,,,0.0,0,0,1,0,0,5361,1988
353,AP,353,1988-4-18,1988-4-18,9.361189611,-73.60014444,,AGENTE DEL ESTADO,POLICÍA NACIONAL,GUERRILLA,ELN,,,0.0,0,0,1,0,0,20178,1988
354,AP,354,1988-5-10,1988-5-10,8.389604097,-73.38003986,,AGENTE DEL ESTADO,POLICÍA NACIONAL,GUERRILLA,COORDINADORA GUERRILLERA SIMÓN BOLÍVAR,,,1.0,0,0,1,0,0,20310,1988
355,AP,355,1988-5-28,1988-5-28,9.872296464,-74.58197051,,AGENTE DEL ESTADO,POLICÍA NACIONAL,GUERRILLA,ELN,,,0.0,0,0,1,0,0,47555,1988
356,AP,356,1988-7-12,1988-7-12,6.282155852,-75.33261381,,AGENTE DEL ESTADO,POLICÍA NACIONAL,GUERRILLA,ELN,,,2.0,0,0,1,0,0,5674,1988
357,AP,357,1988-11-8,1988-11-8,3.323918106,-76.23450174,,GUERRILLA,FARC,GUERRILLA,FARC,,,1.0,0,0,1,0,0,76275,1988
358,AP,358,1988-11-12,1988-11-12,7.079639679,-74.70159107,,AGENTE DEL ESTADO,EJÉRCITO NACIONAL - POLICÍA NACIONAL,GUERRILLA,FARC/ELN,,,0.0,0,0,1,0,0,5736,1988
359,AP,359,1988-11-29,1988-11-29,7.186250037,-72.87820252,,AGENTE DEL ESTADO,POLICÍA NACIONAL,GUERRILLA,ELN,,,1.0,0,0,1,0,0,68820,1988
360,AP,360,1988-12-27,1988-12-27,7.954176376,-73.94731196,,AGENTE DEL ESTADO,POLICÍA NACIONAL,GUERRILLA,FARC,,,7.0,0,0,1,0,0,13744,1988
361,AP,361,1990-12-7,1990-12-7,4.985812862,-75.60748073,,GUERRILLA,NO IDENTIFICADA,GRUPO ARMADO NO IDENTIFICADO,NO APLICA,,,1.0,0,0,1,0,0,17174,1990
362,AP,362,1990-12-30,1990-12-30,5.031660681,-73.10416792,,AGENTE DEL ESTADO,POLICÍA NACIONAL,GUERRILLA,FARC,,,4.0,0,0,1,0,0,15135,1990
363,AP,363,1991-3-8,1991-3-8,2.45137136,-76.81077225,,AGENTE DEL ESTADO,POLICÍA NACIONAL,GUERRILLA,COORDINADORA GUERRILLERA SIMÓN BOLÍVAR,,,1.0,0,0,1,0,0,19256,1991
364,AP,364,1992-10-26,1992-10-26,8.850567734,-76.4270568,,AGENTE DEL ESTADO,POLICÍA NACIONAL,GUERRILLA,FARC,,,4.0,0,0,1,0,0,5051,1992
365,AP,365,1993-12-29,1993-12-29,6.628732408,-72.62708287,,AGENTE DEL ESTADO,POLICÍA NACIONAL,GUERRILLA,ELN,,,1.0,0,0,1,0,0,68152,1993
366,AP,366,1995-12-5,1995-12-5,3.253095405,-76.22886987,,AGENTE DEL ESTADO,POLICÍA NACIONAL,GUERRILLA,"DISIDENCIA M19 ""JAIME BATEMAN CAYÓN""",,,3.0,0,0,1,0,0,19455,1995
367,AP,367,1996-2-14,1996-2-14,8.619297878,-73.80321012,,AGENTE DEL ESTADO,EJÉRCITO NACIONAL,GRUPO PARAMILITAR,NO IDENTIFICADO,,,0.0,0,0,0,1,0,20383,1996
368,AP,368,1996-8-30,1996-8-30,4.877968134,-74.46743733,,AGENTE DEL ESTADO,POLICÍA NACIONAL,GUERRILLA,FARC,,,1.0,0,0,1,0,0,25328,1996
369,AP,369,1997-6-4,1997-6-4,2.611815645,-76.37957042,,AGENTE DEL ESTADO,POLICÍA NACIONAL,GUERRILLA,FARC,,,1.0,0,0,1,0,0,19743,1997
370,AP,370,1997-6-6,1997-6-6,1.670345194,-78.13989493,,AGENTE DEL ESTADO,POLICÍA NACIONAL,GUERRILLA,FARC,,,6.0,0,0,1,0,0,52079,1997
371,AP,371,1997-9-11,1997-9-11,5.293665206,-72.70320992,,AGENTE DEL ESTADO,POLICÍA NACIONAL,GUERRILLA,FARC,,,10.0,0,0,1,0,0,15518,1997
372,AP,372,1997-10-13,1997-10-13,1.908935073,-75.15748874,,AGENTE DEL ESTADO,EJÉRCITO NACIONAL,GUERRILLA,FARC,,,1.0,0,0,1,0,0,18592,1997
373,AP,373,1997-10-18,1997-10-18,2.040478768,-77.21589814,,AGENTE DEL ESTADO,POLICÍA NACIONAL,GUERRILLA,FARC,,,1.0,0,0,1,0,0,19075,1997
374,AP,374,1998-5-31,1998-5-31,8.576771365,-73.09484592,,AGENTE DEL ESTADO,EJÉRCITO NACIONAL,GUERRILLA,ELN,,,1.0,0,0,1,0,0,54250,1998
375,AP,375,1998-7-1,1998-7-1,2.330161549,-72.62718599,,AGENTE DEL ESTADO,EJÉRCITO NACIONAL,GUERRILLA,FARC,,,2.0,0,0,1,0,0,95025,1998
376,AP,376,1998-10-11,1998-10-11,1.934516214,-77.30621378,,AGENTE DEL ESTADO,POLICÍA NACIONAL,GUERRILLA,FARC,,,1.0,0,0,1,0,0,52405,1998
377,AP,377,1998-11-18,1998-11-18,1.913360233,-76.85592449,,AGENTE DEL ESTADO,POLICÍA NACIONAL,GUERRILLA,ELN,,,1.0,0,0,1,0,0,19022,1998
378,AP,378,1999-5-7,1999-5-7,3.912976052,-75.48090671,,AGENTE DEL ESTADO,POLICÍA NACIONAL,GUERRILLA,FARC,,,0.0,0,0,1,0,0,73675,1999
379,AP,379,1999-8-27,1999-8-27,1.474978015,-77.08071233,,AGENTE DEL ESTADO,POLICÍA NACIONAL,GUERRILLA,FARC,GUERRILLA,ELN,4.0,0,0,1,0,0,52019,1999
380,AP,380,2000-7-14,2000-7-14,4.01159776,-75.60600233,,AGENTE DEL ESTADO,POLICÍA NACIONAL,GUERRILLA,FARC,DESCONOCIDO,NO APLICA,0.0,0,0,1,0,0,73622,2000
381,AP,381,2000-11-18,2000-11-18,1.263299977,-77.51451329,,AGENTE DEL ESTADO,POLICÍA NACIONAL,GUERRILLA,ELN,,,0.0,0,0,1,0,0,52036,2000
382,AP,382,2000-11-18,2000-11-18,1.335351879,-77.59445713,,AGENTE DEL ESTADO,POLICÍA NACIONAL,GUERRILLA,ELN,,,0.0,0,0,1,0,0,52678,2000
383,AP,383,2002-5-25,2002-5-25,8.998278492,-72.89972106,,DESCONOCIDO,NO APLICA,GUERRILLA,FARC,,,1.0,0,0,0,0,0,54810,2002
384,AP,384,2005-9-2,2005-9-2,4.651204152,-76.64440389,,AGENTE DEL ESTADO,POLICÍA NACIONAL,GUERRILLA,FARC/ELN,,,10.0,0,0,1,0,0,27745,2005
385,AP,385,2007-5-14,2007-5-14,4.439608991,-75.19371478,,AGENTE DEL ESTADO,EJÉRCITO NACIONAL - POLICÍA NACIONAL,GUERRILLA,FARC,,,4.0,0,0,1,0,0,73001,2007
386,AP,386,2012-1-4,2012-1-4,2.45137136,-76.81077225,,AGENTE DEL ESTADO,POLICÍA NACIONAL,GUERRILLA,FARC,,,0.0,0,0,1,0,0,19256,2012
388,AP,388,2012-7-25,2012-7-25,2.331034222,-77.23528154,,AGENTE DEL ESTADO,POLICÍA NACIONAL,GUERRILLA,FARC,,,0.0,0,0,1,0,0,19050,2012
389,AP,389,2013-2-5,2013-2-5,3.0650044,-76.35354503,,AGENTE DEL ESTADO,EJÉRCITO NACIONAL,GUERRILLA,FARC,,,2.0,0,0,1,0,0,19142,2013
