,relcase_tax,year,mes,d_a,latitud_longitud,c_digo_dane_de_municipio,municipio,departamento,regi_n,g1_tax,dg1_tax,victims_tax,guerrattack_tax,parattack_tax,posdattack_tax,clash_tax,govattack_tax,g2_tax,dg2_tax,g3_tax,dg3_tax,latitud_longitud_dict,latitude,longitude,date,event,dataset
0,CR000025,2009,5,9,"{'type': 'Point', 'coordinates': [-77.59445713, 1.335351879]}",52678,SAMANIEGO,NARIÑO,OCCIDENTE DE NARIÑO,GUERRILLA,ELN,0.0,1,0,0,0,0,,,,,"{'type': 'Point', 'coordinates': [-77.59445713, 1.335351879]}",1.335351879,-77.59445713,2009-5-9,0,AT
1,CR002067,2011,7,9,"{'type': 'Point', 'coordinates': [-76.27112721, 2.951450409]}",19821,TORIBIO,CAUCA,NORTE DEL CAUCA,GUERRILLA,FARC,4.0,1,0,0,0,0,,,,,"{'type': 'Point', 'coordinates': [-76.27112721, 2.951450409]}",2.951450409,-76.27112721,2011-7-9,1,AT
2,CR002076,2009,1,13,"{'type': 'Point', 'coordinates': [-78.24566252, 1.697744768]}",52621,ROBERTO PAYAN,NARIÑO,ANDEN PACIFICO SUR,GUERRILLA,FARC,5.0,1,0,0,0,0,,,,,"{'type': 'Point', 'coordinates': [-78.24566252, 1.697744768]}",1.697744768,-78.24566252,2009-1-13,2,AT
3,CR005022,2000,3,26,"{'type': 'Point', 'coordinates': [-74.79779459, 4.313078337]}",25307,GIRARDOT,CUNDINAMARCA,SUROCCIDENTE DE CUNDINAMARCA,GRUPO ARMADO NO IDENTIFICADO,NO APLICA,1.0,0,0,0,0,0,,,,,"{'type': 'Point', 'coordinates': [-74.79779459, 4.313078337]}",4.313078337,-74.79779459,2000-3-26,3,AT
4,CR005023,2000,3,30,"{'type': 'Point', 'coordinates': [-74.4357071, 4.730954629]}",25123,CACHIPAY,CUNDINAMARCA,ALTIPLANO CUNDIBOYACENSE,GUERRILLA,FARC,3.0,1,0,0,0,0,,,,,"{'type': 'Point', 'coordinates': [-74.4357071, 4.730954629]}",4.730954629,-74.4357071,2000-3-30,4,AT
5,CR005038,2002,10,28,"{'type': 'Point', 'coordinates': [-70.74635031, 7.077358544]}",81001,ARAUCA,ARAUCA,LLANOS ORIENTALES,GUERRILLA,FARC,2.0,1,0,0,0,0,,,,,"{'type': 'Point', 'coordinates': [-70.74635031, 7.077358544]}",7.077358544,-70.74635031,2002-10-28,5,AT
6,CR005041,2003,10,15,"{'type': 'Point', 'coordinates': [-71.7685578, 6.797075753]}",81300,FORTUL,ARAUCA,SARARE,GUERRILLA,NO IDENTIFICADA,1.0,1,0,0,0,0,,,,,"{'type': 'Point', 'coordinates': [-71.7685578, 6.797075753]}",6.797075753,-71.7685578,2003-10-15,6,AT
7,CR005094,2002,7,20,"{'type': 'Point', 'coordinates': [-75.24001859, 6.814263455]}",5315,GUADALUPE,ANTIOQUIA,NORTE DE ANTIOQUIA,GUERRILLA,FARC,0.0,1,0,0,0,0,,,,,"{'type': 'Point', 'coordinates': [-75.24001859, 6.814263455]}",6.814263455,-75.24001859,2002-7-20,7,AT
8,CR005095,1995,10,17,"{'type': 'Point', 'coordinates': [-74.107359, 4.65017303]}",11001,"BOGOTA, D.C.","BOGOTA, D. C.",AREA METROPOLITANA DE BOGOTA,GRUPO ARMADO NO IDENTIFICADO,NO APLICA,2.0,0,0,0,0,0,,,,,"{'type': 'Point', 'coordinates': [-74.107359, 4.65017303]}",4.65017303,-74.107359,1995-10-17,8,AT
9,CR005096,2010,8,12,"{'type': 'Point', 'coordinates': [-74.107359, 4.65017303]}",11001,"BOGOTA, D.C.","BOGOTA, D. C.",AREA METROPOLITANA DE BOGOTA,GUERRILLA,FARC,0.0,1,0,0,0,0,,,,,"{'type': 'Point', 'coordinates': [-74.107359, 4.65017303]}",4.65017303,-74.107359,2010-8-12,9,AT
10,CR005097,2002,10,7,"{'type': 'Point', 'coordinates': [-75.12121573, 9.718579865]}",13244,EL CARMEN DE BOLIVAR,BOLIVAR,MONTES DE MARIA,GUERRILLA,FARC,0.0,1,0,0,0,0,,,,,"{'type': 'Point', 'coordinates': [-75.12121573, 9.718579865]}",9.718579865,-75.12121573,2002-10-7,10,AT
11,CR005099,2002,5,20,"{'type': 'Point', 'coordinates': [-75.60781026, 5.743807479]}",5390,LA PINTADA,ANTIOQUIA,SUROESTE ANTIOQUEÑO,GUERRILLA,FARC,1.0,1,0,0,0,0,,,,,"{'type': 'Point', 'coordinates': [-75.60781026, 5.743807479]}",5.743807479,-75.60781026,2002-5-20,11,AT
12,CR005100,2002,10,28,"{'type': 'Point', 'coordinates': [-74.79525905, 10.97592682]}",8001,BARRANQUILLA,ATLANTICO,NORTE DE ATLANTICO,GUERRILLA,FARC,0.0,1,0,0,0,0,,,,,"{'type': 'Point', 'coordinates': [-74.79525905, 10.97592682]}",10.97592682,-74.79525905,2002-10-28,12,AT
13,CR005101,2004,5,2,"{'type': 'Point', 'coordinates': [-74.107359, 4.65017303]}",11001,"BOGOTA, D.C.","BOGOTA, D. C.",AREA METROPOLITANA DE BOGOTA,GRUPO PARAMILITAR,NO IDENTIFICADO,0.0,0,1,0,0,0,,,,,"{'type': 'Point', 'coordinates': [-74.107359, 4.65017303]}",4.65017303,-74.107359,2004-5-2,13,AT
14,CR005102,2002,7,9,"{'type': 'Point', 'coordinates': [-76.22886987, 3.253095405]}",19455,MIRANDA,CAUCA,NORTE DEL CAUCA,GUERRILLA,FARC,1.0,1,0,0,0,0,,,,,"{'type': 'Point', 'coordinates': [-76.22886987, 3.253095405]}",3.253095405,-76.22886987,2002-7-9,14,AT
15,CR005103,1996,12,17,"{'type': 'Point', 'coordinates': [-75.87557791, 8.745132591]}",23001,MONTERIA,CORDOBA,ALTO SINU Y SAN JORGE,GUERRILLA,FARC,4.0,1,0,0,0,0,,,,,"{'type': 'Point', 'coordinates': [-75.87557791, 8.745132591]}",8.745132591,-75.87557791,1996-12-17,15,AT
16,CR005104,2002,11,14,"{'type': 'Point', 'coordinates': [-73.76621533, 5.249767987]}",25224,CUCUNUBA,CUNDINAMARCA,ALTIPLANO CUNDIBOYACENSE,GUERRILLA,ELN,0.0,1,0,0,0,0,,,,,"{'type': 'Point', 'coordinates': [-73.76621533, 5.249767987]}",5.249767987,-73.76621533,2002-11-14,16,AT
17,CR005105,1997,6,24,"{'type': 'Point', 'coordinates': [-75.58171333, 6.246715564]}",5001,MEDELLIN,ANTIOQUIA,VALLE DE ABURRA,GUERRILLA,FARC,0.0,1,0,0,0,0,,,,,"{'type': 'Point', 'coordinates': [-75.58171333, 6.246715564]}",6.246715564,-75.58171333,1997-6-24,17,AT
18,CR005106,2004,5,15,"{'type': 'Point', 'coordinates': [-75.02798382, 6.293754876]}",5667,SAN RAFAEL,ANTIOQUIA,ORIENTE ANTIOQUEÑO,GRUPO PARAMILITAR,NO IDENTIFICADO,1.0,0,1,0,0,0,,,,,"{'type': 'Point', 'coordinates': [-75.02798382, 6.293754876]}",6.293754876,-75.02798382,2004-5-15,18,AT
19,CR005107,2004,5,4,"{'type': 'Point', 'coordinates': [-71.75861086, 6.449379486]}",81794,TAME,ARAUCA,SARARE,GUERRILLA,FARC,2.0,1,0,0,0,0,,,,,"{'type': 'Point', 'coordinates': [-71.75861086, 6.449379486]}",6.449379486,-71.75861086,2004-5-4,19,AT
20,CR005108,2004,5,22,"{'type': 'Point', 'coordinates': [-74.98795256, 6.187991569]}",5649,SAN CARLOS,ANTIOQUIA,ORIENTE ANTIOQUEÑO,GRUPO PARAMILITAR,AUTODEFENSAS UNIDAS DE COLOMBIA AUC,3.0,0,1,0,0,0,,,,,"{'type': 'Point', 'coordinates': [-74.98795256, 6.187991569]}",6.187991569,-74.98795256,2004-5-22,20,AT
21,CR005109,2003,10,8,"{'type': 'Point', 'coordinates': [-74.107359, 4.65017303]}",11001,"BOGOTA, D.C.","BOGOTA, D. C.",AREA METROPOLITANA DE BOGOTA,GRUPO PARAMILITAR,AUTODEFENSAS UNIDAS DE COLOMBIA AUC,6.0,0,1,0,0,0,,,,,"{'type': 'Point', 'coordinates': [-74.107359, 4.65017303]}",4.65017303,-74.107359,2003-10-8,21,AT
22,CR005110,2005,11,25,"{'type': 'Point', 'coordinates': [-75.60856043, 1.61792293]}",18001,FLORENCIA,CAQUETA,FLORENCIA Y AREA DE INFLUENCIA,GRUPO PARAMILITAR,AUTODEFENSAS UNIDAS DE COLOMBIA AUC,1.0,0,1,0,0,0,,,,,"{'type': 'Point', 'coordinates': [-75.60856043, 1.61792293]}",1.61792293,-75.60856043,2005-11-25,22,AT
23,CR005111,1999,8,27,"{'type': 'Point', 'coordinates': [-75.87557791, 8.745132591]}",23001,MONTERIA,CORDOBA,ALTO SINU Y SAN JORGE,GUERRILLA,FARC,0.0,1,0,0,0,0,,,,,"{'type': 'Point', 'coordinates': [-75.87557791, 8.745132591]}",8.745132591,-75.87557791,1999-8-27,23,AT
24,CR005112,1996,10,4,"{'type': 'Point', 'coordinates': [-75.58171333, 6.246715564]}",5001,MEDELLIN,ANTIOQUIA,VALLE DE ABURRA,GUERRILLA,ELN,1.0,1,0,0,0,0,,,,,"{'type': 'Point', 'coordinates': [-75.58171333, 6.246715564]}",6.246715564,-75.58171333,1996-10-4,24,AT
25,CR005113,2013,11,29,"{'type': 'Point', 'coordinates': [-78.76385415, 1.80711725]}",52835,SAN ANDRES DE TUMACO,NARIÑO,ANDEN PACIFICO SUR,GUERRILLA,FARC,0.0,1,0,0,0,0,,,,,"{'type': 'Point', 'coordinates': [-78.76385415, 1.80711725]}",1.80711725,-78.76385415,2013-11-29,25,AT
26,CR005114,2002,4,7,"{'type': 'Point', 'coordinates': [-73.62709204, 4.1238615]}",50001,VILLAVICENCIO,META,PIEDEMONTE LLANERO,GUERRILLA,FARC,10.0,1,0,0,0,0,,,,,"{'type': 'Point', 'coordinates': [-73.62709204, 4.1238615]}",4.1238615,-73.62709204,2002-4-7,26,AT
27,CR005115,2004,5,23,"{'type': 'Point', 'coordinates': [-76.62596065, 7.883417406]}",5045,APARTADO,ANTIOQUIA,URABA,GUERRILLA,FARC,7.0,1,0,0,0,0,,,,,"{'type': 'Point', 'coordinates': [-76.62596065, 7.883417406]}",7.883417406,-76.62596065,2004-5-23,27,AT
28,CR005116,1996,12,16,"{'type': 'Point', 'coordinates': [-75.58171333, 6.246715564]}",5001,MEDELLIN,ANTIOQUIA,VALLE DE ABURRA,GRUPO ARMADO NO IDENTIFICADO,NO APLICA,1.0,0,0,0,0,0,,,,,"{'type': 'Point', 'coordinates': [-75.58171333, 6.246715564]}",6.246715564,-75.58171333,1996-12-16,28,AT
29,CR005118,1997,1,29,"{'type': 'Point', 'coordinates': [-75.58171333, 6.246715564]}",5001,MEDELLIN,ANTIOQUIA,VALLE DE ABURRA,OTRO ¿CUÁL?,NO APLICA,5.0,0,0,0,0,0,,,,,"{'type': 'Point', 'coordinates': [-75.58171333, 6.246715564]}",6.246715564,-75.58171333,1997-1-29,29,AT
30,CR005119,2003,1,9,"{'type': 'Point', 'coordinates': [-71.7685578, 6.797075753]}",81300,FORTUL,ARAUCA,SARARE,GUERRILLA,FARC,4.0,1,0,0,0,0,,,,,"{'type': 'Point', 'coordinates': [-71.7685578, 6.797075753]}",6.797075753,-71.7685578,2003-1-9,30,AT
31,CR005120,2003,1,16,"{'type': 'Point', 'coordinates': [-75.58171333, 6.246715564]}",5001,MEDELLIN,ANTIOQUIA,VALLE DE ABURRA,GUERRILLA,FARC,5.0,1,0,0,0,0,,,,,"{'type': 'Point', 'coordinates': [-75.58171333, 6.246715564]}",6.246715564,-75.58171333,2003-1-16,31,AT
32,CR005121,2012,1,13,"{'type': 'Point', 'coordinates': [-72.57585052, 8.468711125]}",54810,TIBU,NORTE DE SANTANDER,CATATUMBO,GUERRILLA,FARC,3.0,1,0,0,0,0,,,,,"{'type': 'Point', 'coordinates': [-72.57585052, 8.468711125]}",8.468711125,-72.57585052,2012-1-13,32,AT
33,CR005122,2012,1,13,"{'type': 'Point', 'coordinates': [-78.76385415, 1.80711725]}",52835,SAN ANDRES DE TUMACO,NARIÑO,ANDEN PACIFICO SUR,GUERRILLA,FARC,0.0,1,0,0,0,0,,,,,"{'type': 'Point', 'coordinates': [-78.76385415, 1.80711725]}",1.80711725,-78.76385415,2012-1-13,33,AT
34,CR005123,1999,2,21,"{'type': 'Point', 'coordinates': [-74.107359, 4.65017303]}",11001,"BOGOTA, D.C.","BOGOTA, D. C.",AREA METROPOLITANA DE BOGOTA,DESCONOCIDO,NO APLICA,0.0,0,0,0,0,0,,,,,"{'type': 'Point', 'coordinates': [-74.107359, 4.65017303]}",4.65017303,-74.107359,1999-2-21,34,AT
35,CR005124,1997,2,27,"{'type': 'Point', 'coordinates': [-76.62596065, 7.883417406]}",5045,APARTADO,ANTIOQUIA,URABA,GUERRILLA,FARC,10.0,1,0,0,0,0,,,,,"{'type': 'Point', 'coordinates': [-76.62596065, 7.883417406]}",7.883417406,-76.62596065,1997-2-27,35,AT
36,CR005125,2003,1,25,"{'type': 'Point', 'coordinates': [-74.76734058, 2.119786131]}",18753,SAN VICENTE DEL CAGUAN,CAQUETA,CAGUAN,GUERRILLA,FARC,0.0,1,0,0,0,0,,,,,"{'type': 'Point', 'coordinates': [-74.76734058, 2.119786131]}",2.119786131,-74.76734058,2003-1-25,36,AT
37,CR005126,2003,5,25,"{'type': 'Point', 'coordinates': [-72.655172, 1.960108633]}",95015,CALAMAR,GUAVIARE,ARIARI GUAYABERO,GRUPO ARMADO NO IDENTIFICADO,NO APLICA,1.0,0,0,0,0,0,,,,,"{'type': 'Point', 'coordinates': [-72.655172, 1.960108633]}",1.960108633,-72.655172,2003-5-25,37,AT
38,CR005131,1999,12,24,"{'type': 'Point', 'coordinates': [-74.107359, 4.65017303]}",11001,"BOGOTA, D.C.","BOGOTA, D. C.",AREA METROPOLITANA DE BOGOTA,OTRO ¿CUÁL?,NO APLICA,0.0,0,0,0,0,0,,,,,"{'type': 'Point', 'coordinates': [-74.107359, 4.65017303]}",4.65017303,-74.107359,1999-12-24,38,AT
39,CR005132,2003,2,7,"{'type': 'Point', 'coordinates': [-74.107359, 4.65017303]}",11001,"BOGOTA, D.C.","BOGOTA, D. C.",AREA METROPOLITANA DE BOGOTA,GUERRILLA,FARC,36.0,1,0,0,0,0,,,,,"{'type': 'Point', 'coordinates': [-74.107359, 4.65017303]}",4.65017303,-74.107359,2003-2-7,39,AT
40,CR005133,2002,5,20,"{'type': 'Point', 'coordinates': [-75.60781026, 5.743807479]}",5390,LA PINTADA,ANTIOQUIA,SUROESTE ANTIOQUEÑO,GUERRILLA,FARC,1.0,1,0,0,0,0,,,,,"{'type': 'Point', 'coordinates': [-75.60781026, 5.743807479]}",5.743807479,-75.60781026,2002-5-20,40,AT
41,CR005135,1997,3,17,"{'type': 'Point', 'coordinates': [-72.5082562, 7.905306295]}",54001,CUCUTA,NORTE DE SANTANDER,AREA METROPOLITANA DE CUCUTA,GUERRILLA,ELN,1.0,1,0,0,0,0,,,,,"{'type': 'Point', 'coordinates': [-72.5082562, 7.905306295]}",7.905306295,-72.5082562,1997-3-17,41,AT
42,CR005136,2012,3,23,"{'type': 'Point', 'coordinates': [-76.32387818, 2.777837347]}",19364,JAMBALO,CAUCA,NORTE DEL CAUCA,GUERRILLA,FARC,0.0,1,0,0,0,0,,,,,"{'type': 'Point', 'coordinates': [-76.32387818, 2.777837347]}",2.777837347,-76.32387818,2012-3-23,42,AT
43,CR005137,2002,4,5,"{'type': 'Point', 'coordinates': [-73.61798161, 3.462868031]}",50287,FUENTEDEORO,META,ARIARI GUAYABERO,GUERRILLA,FARC,0.0,1,0,0,0,0,,,,,"{'type': 'Point', 'coordinates': [-73.61798161, 3.462868031]}",3.462868031,-73.61798161,2002-4-5,43,AT
44,CR005139,2003,5,27,"{'type': 'Point', 'coordinates': [-74.76734058, 2.119786131]}",18753,SAN VICENTE DEL CAGUAN,CAQUETA,CAGUAN,GUERRILLA,FARC,1.0,1,0,0,0,0,,,,,"{'type': 'Point', 'coordinates': [-74.76734058, 2.119786131]}",2.119786131,-74.76734058,2003-5-27,44,AT
45,CR005140,2002,6,2,"{'type': 'Point', 'coordinates': [-76.6812164, 7.666300439]}",5172,CHIGORODO,ANTIOQUIA,URABA,GUERRILLA,FARC,9.0,1,0,0,0,0,,,,,"{'type': 'Point', 'coordinates': [-76.6812164, 7.666300439]}",7.666300439,-76.6812164,2002-6-2,45,AT
46,CR005143,2002,7,24,"{'type': 'Point', 'coordinates': [-74.62191472, 4.847575999]}",25662,SAN JUAN DE RIOSECO,CUNDINAMARCA,ALTIPLANO CUNDIBOYACENSE,GUERRILLA,FARC,3.0,1,0,0,0,0,,,,,"{'type': 'Point', 'coordinates': [-74.62191472, 4.847575999]}",4.847575999,-74.62191472,2002-7-24,46,AT
47,CR005144,2003,7,17,"{'type': 'Point', 'coordinates': [-70.74635031, 7.077358544]}",81001,ARAUCA,ARAUCA,LLANOS ORIENTALES,GUERRILLA,NO IDENTIFICADA,0.0,1,0,0,0,0,,,,,"{'type': 'Point', 'coordinates': [-70.74635031, 7.077358544]}",7.077358544,-70.74635031,2003-7-17,47,AT
48,CR005145,2001,8,23,"{'type': 'Point', 'coordinates': [-75.33947788, 6.172269255]}",5440,MARINILLA,ANTIOQUIA,ORIENTE ANTIOQUEÑO,GUERRILLA,ELN,1.0,1,0,0,0,0,,,,,"{'type': 'Point', 'coordinates': [-75.33947788, 6.172269255]}",6.172269255,-75.33947788,2001-8-23,48,AT
49,CR005146,2001,8,9,"{'type': 'Point', 'coordinates': [-75.10268697, 5.964079131]}",5652,SAN FRANCISCO,ANTIOQUIA,ORIENTE ANTIOQUEÑO,GUERRILLA,ELN,3.0,1,0,0,0,0,,,,,"{'type': 'Point', 'coordinates': [-75.10268697, 5.964079131]}",5.964079131,-75.10268697,2001-8-9,49,AT
50,CR005148,2000,10,2,"{'type': 'Point', 'coordinates': [-73.84995698, 7.064963864]}",68081,BARRANCABERMEJA,SANTANDER,MAGDALENA MEDIO,GUERRILLA,ELN,2.0,1,0,0,0,0,,,,,"{'type': 'Point', 'coordinates': [-73.84995698, 7.064963864]}",7.064963864,-73.84995698,2000-10-2,50,AT
51,CR005149,2001,10,21,"{'type': 'Point', 'coordinates': [-75.24282171, 6.219450549]}",5541,PENOL,ANTIOQUIA,ORIENTE ANTIOQUEÑO,GUERRILLA,ELN,6.0,1,0,0,0,0,,,,,"{'type': 'Point', 'coordinates': [-75.24282171, 6.219450549]}",6.219450549,-75.24282171,2001-10-21,51,AT
52,CR005150,2003,10,25,"{'type': 'Point', 'coordinates': [-75.41883314, 6.963872352]}",5887,YARUMAL,ANTIOQUIA,NORTE DE ANTIOQUIA,GUERRILLA,FARC,7.0,1,0,0,0,0,,,,,"{'type': 'Point', 'coordinates': [-75.41883314, 6.963872352]}",6.963872352,-75.41883314,2003-10-25,52,AT
53,CR005151,2003,10,22,"{'type': 'Point', 'coordinates': [-76.9059688, 0.4239040926]}",86865,VALLE DEL GUAMUEZ,PUTUMAYO,BAJO PUTUMAYO,GRUPO ARMADO NO IDENTIFICADO,NO APLICA,2.0,0,0,0,0,0,,,,,"{'type': 'Point', 'coordinates': [-76.9059688, 0.4239040926]}",0.4239040926,-76.9059688,2003-10-22,53,AT
54,CR005152,2003,3,5,"{'type': 'Point', 'coordinates': [-72.5082562, 7.905306295]}",54001,CUCUTA,NORTE DE SANTANDER,AREA METROPOLITANA DE CUCUTA,GUERRILLA,ELN,13.0,1,0,0,0,0,,,,,"{'type': 'Point', 'coordinates': [-72.5082562, 7.905306295]}",7.905306295,-72.5082562,2003-3-5,54,AT
55,CR005153,2007,10,22,"{'type': 'Point', 'coordinates': [-76.49727285, 0.5050467219]}",86568,PUERTO ASIS,PUTUMAYO,BAJO PUTUMAYO,GUERRILLA,FARC,2.0,1,0,0,0,0,,,,,"{'type': 'Point', 'coordinates': [-76.49727285, 0.5050467219]}",0.5050467219,-76.49727285,2007-10-22,55,AT
56,CR005154,2011,10,2,"{'type': 'Point', 'coordinates': [-76.23450174, 3.323918106]}",76275,FLORIDA,VALLE DEL CAUCA,SUR DEL VALLE,GUERRILLA,FARC,0.0,1,0,0,0,0,,,,,"{'type': 'Point', 'coordinates': [-76.23450174, 3.323918106]}",3.323918106,-76.23450174,2011-10-2,56,AT
57,CR005155,1989,11,27,"{'type': 'Point', 'coordinates': [-74.21452753, 4.585491658]}",25754,SOACHA,CUNDINAMARCA,AREA METROPOLITANA DE BOGOTA,GRUPO PARAMILITAR,NO IDENTIFICADO,107.0,0,1,0,0,0,,,,,"{'type': 'Point', 'coordinates': [-74.21452753, 4.585491658]}",4.585491658,-74.21452753,1989-11-27,57,AT
58,CR005156,2000,11,18,"{'type': 'Point', 'coordinates': [-76.49727285, 0.5050467219]}",86568,PUERTO ASIS,PUTUMAYO,BAJO PUTUMAYO,GUERRILLA,FARC,2.0,1,0,0,0,0,,,,,"{'type': 'Point', 'coordinates': [-76.49727285, 0.5050467219]}",0.5050467219,-76.49727285,2000-11-18,58,AT
59,CR005157,2002,11,13,"{'type': 'Point', 'coordinates': [-72.5082562, 7.905306295]}",54001,CUCUTA,NORTE DE SANTANDER,AREA METROPOLITANA DE CUCUTA,GUERRILLA,ELN,0.0,1,0,0,0,0,,,,,"{'type': 'Point', 'coordinates': [-72.5082562, 7.905306295]}",7.905306295,-72.5082562,2002-11-13,59,AT
60,CR005158,1992,12,11,"{'type': 'Point', 'coordinates': [-74.107359, 4.65017303]}",11001,"BOGOTA, D.C.","BOGOTA, D. C.",AREA METROPOLITANA DE BOGOTA,GUERRILLA,ELN,0.0,1,0,0,0,0,,,,,"{'type': 'Point', 'coordinates': [-74.107359, 4.65017303]}",4.65017303,-74.107359,1992-12-11,60,AT
61,CR005159,1998,12,12,"{'type': 'Point', 'coordinates': [-73.13259818, 7.116267276]}",68001,BUCARAMANGA,SANTANDER,PROVINCIA DE SOTO,GUERRILLA,DISIDENCIA EPL,0.0,1,0,0,0,0,,,,,"{'type': 'Point', 'coordinates': [-73.13259818, 7.116267276]}",7.116267276,-73.13259818,1998-12-12,61,AT
62,CR005160,1999,12,6,"{'type': 'Point', 'coordinates': [-75.58171333, 6.246715564]}",5001,MEDELLIN,ANTIOQUIA,VALLE DE ABURRA,GUERRILLA,ELN,0.0,1,0,0,0,0,,,,,"{'type': 'Point', 'coordinates': [-75.58171333, 6.246715564]}",6.246715564,-75.58171333,1999-12-6,62,AT
63,CR005161,2000,12,6,"{'type': 'Point', 'coordinates': [-75.18444508, 6.142896667]}",5313,GRANADA,ANTIOQUIA,ORIENTE ANTIOQUEÑO,GUERRILLA,FARC,22.0,1,0,0,0,0,,,,,"{'type': 'Point', 'coordinates': [-75.18444508, 6.142896667]}",6.142896667,-75.18444508,2000-12-6,63,AT
64,CR005162,2002,12,16,"{'type': 'Point', 'coordinates': [-75.27772259, 2.935604415]}",41001,NEIVA,HUILA,NORTE DEL HUILA,GUERRILLA,FARC,1.0,1,0,0,0,0,,,,,"{'type': 'Point', 'coordinates': [-75.27772259, 2.935604415]}",2.935604415,-75.27772259,2002-12-16,64,AT
65,CR005163,1992,3,27,"{'type': 'Point', 'coordinates': [-74.107359, 4.65017303]}",11001,"BOGOTA, D.C.","BOGOTA, D. C.",AREA METROPOLITANA DE BOGOTA,GUERRILLA,ELN,1.0,1,0,0,0,0,,,,,"{'type': 'Point', 'coordinates': [-74.107359, 4.65017303]}",4.65017303,-74.107359,1992-3-27,65,AT
66,CR005164,2003,9,9,"{'type': 'Point', 'coordinates': [-72.47189235, 6.187082996]}",15183,CHITA,BOYACA,ALTIPLANO CUNDIBOYACENSE,GUERRILLA,ELN,9.0,1,0,0,0,0,,,,,"{'type': 'Point', 'coordinates': [-72.47189235, 6.187082996]}",6.187082996,-72.47189235,2003-9-9,66,AT
67,CR005165,2003,9,28,"{'type': 'Point', 'coordinates': [-75.60856043, 1.61792293]}",18001,FLORENCIA,CAQUETA,FLORENCIA Y AREA DE INFLUENCIA,GUERRILLA,FARC,14.0,1,0,0,0,0,,,,,"{'type': 'Point', 'coordinates': [-75.60856043, 1.61792293]}",1.61792293,-75.60856043,2003-9-28,67,AT
68,CR005166,2012,2,1,"{'type': 'Point', 'coordinates': [-78.76385415, 1.80711725]}",52835,SAN ANDRES DE TUMACO,NARIÑO,ANDEN PACIFICO SUR,GUERRILLA,FARC,9.0,1,0,0,0,0,,,,,"{'type': 'Point', 'coordinates': [-78.76385415, 1.80711725]}",1.80711725,-78.76385415,2012-2-1,68,AT
69,CR005167,2012,8,26,"{'type': 'Point', 'coordinates': [-73.79453841, 3.218280369]}",50711,VISTAHERMOSA,META,ARIARI GUAYABERO,GUERRILLA,FARC,6.0,1,0,0,0,0,,,,,"{'type': 'Point', 'coordinates': [-73.79453841, 3.218280369]}",3.218280369,-73.79453841,2012-8-26,69,AT
70,CR005168,2003,7,31,"{'type': 'Point', 'coordinates': [-72.69196586, 5.996713021]}",15757,SOCHA,BOYACA,ALTIPLANO CUNDIBOYACENSE,GUERRILLA,FARC,0.0,1,0,0,0,0,,,,,"{'type': 'Point', 'coordinates': [-72.69196586, 5.996713021]}",5.996713021,-72.69196586,2003-7-31,70,AT
71,CR005169,2005,5,3,"{'type': 'Point', 'coordinates': [-71.87233343, 6.95385957]}",81736,SARAVENA,ARAUCA,SARARE,GUERRILLA,NO IDENTIFICADA,0.0,1,0,0,0,0,,,,,"{'type': 'Point', 'coordinates': [-71.87233343, 6.95385957]}",6.95385957,-71.87233343,2005-5-3,71,AT
72,CR005170,2012,6,5,"{'type': 'Point', 'coordinates': [-78.109849, 2.477550593]}",52250,EL CHARCO,NARIÑO,ANDEN PACIFICO SUR,GUERRILLA,FARC,0.0,1,0,0,0,0,,,,,"{'type': 'Point', 'coordinates': [-78.109849, 2.477550593]}",2.477550593,-78.109849,2012-6-5,72,AT
73,CR005171,1989,12,6,"{'type': 'Point', 'coordinates': [-74.107359, 4.65017303]}",11001,"BOGOTA, D.C.","BOGOTA, D. C.",AREA METROPOLITANA DE BOGOTA,OTRO ¿CUÁL?,NO APLICA,63.0,0,0,0,0,0,,,,,"{'type': 'Point', 'coordinates': [-74.107359, 4.65017303]}",4.65017303,-74.107359,1989-12-6,73,AT
74,CR005172,2012,11,4,"{'type': 'Point', 'coordinates': [-77.21589814, 2.040478768]}",19075,BALBOA,CAUCA,PATIA,GUERRILLA,FARC,0.0,1,0,0,0,0,,,,,"{'type': 'Point', 'coordinates': [-77.21589814, 2.040478768]}",2.040478768,-77.21589814,2012-11-4,74,AT
75,CR005173,2012,2,10,"{'type': 'Point', 'coordinates': [-76.26131419, 3.173815457]}",19212,CORINTO,CAUCA,NORTE DEL CAUCA,GUERRILLA,FARC,0.0,1,0,0,0,0,,,,,"{'type': 'Point', 'coordinates': [-76.26131419, 3.173815457]}",3.173815457,-76.26131419,2012-2-10,75,AT
76,CR005174,2002,7,28,"{'type': 'Point', 'coordinates': [-74.76734058, 2.119786131]}",18753,SAN VICENTE DEL CAGUAN,CAQUETA,CAGUAN,GUERRILLA,FARC,0.0,1,0,0,0,0,,,,,"{'type': 'Point', 'coordinates': [-74.76734058, 2.119786131]}",2.119786131,-74.76734058,2002-7-28,76,AT
77,CR005176,2006,3,6,"{'type': 'Point', 'coordinates': [-74.76734058, 2.119786131]}",18753,SAN VICENTE DEL CAGUAN,CAQUETA,CAGUAN,GUERRILLA,FARC,4.0,1,0,0,0,0,,,,,"{'type': 'Point', 'coordinates': [-74.76734058, 2.119786131]}",2.119786131,-74.76734058,2006-3-6,77,AT
78,CR005177,1998,2,6,"{'type': 'Point', 'coordinates': [-74.52316032, 4.439355814]}",25878,VIOTA,CUNDINAMARCA,SUROCCIDENTE DE CUNDINAMARCA,GUERRILLA,NO IDENTIFICADA,1.0,1,0,0,0,0,,,,,"{'type': 'Point', 'coordinates': [-74.52316032, 4.439355814]}",4.439355814,-74.52316032,1998-2-6,78,AT
79,CR005178,2002,10,11,"{'type': 'Point', 'coordinates': [-74.35076611, 4.519763473]}",25312,GRANADA,CUNDINAMARCA,SUMAPAZ,GUERRILLA,FARC,0.0,1,0,0,0,0,,,,,"{'type': 'Point', 'coordinates': [-74.35076611, 4.519763473]}",4.519763473,-74.35076611,2002-10-11,79,AT
80,CR005179,2002,1,25,"{'type': 'Point', 'coordinates': [-74.107359, 4.65017303]}",11001,"BOGOTA, D.C.","BOGOTA, D. C.",AREA METROPOLITANA DE BOGOTA,GUERRILLA,FARC,6.0,1,0,0,0,0,,,,,"{'type': 'Point', 'coordinates': [-74.107359, 4.65017303]}",4.65017303,-74.107359,2002-1-25,80,AT
81,CR005180,2002,3,11,"{'type': 'Point', 'coordinates': [-73.37374343, 3.269732439]}",50577,PUERTO LLERAS,META,ARIARI GUAYABERO,GUERRILLA,FARC,6.0,1,0,0,0,0,,,,,"{'type': 'Point', 'coordinates': [-73.37374343, 3.269732439]}",3.269732439,-73.37374343,2002-3-11,81,AT
82,CR007134,2002,8,10,"{'type': 'Point', 'coordinates': [-71.75861086, 6.449379486]}",81794,TAME,ARAUCA,SARARE,GUERRILLA,FARC,0.0,1,0,0,0,0,,,,,"{'type': 'Point', 'coordinates': [-71.75861086, 6.449379486]}",6.449379486,-71.75861086,2002-8-10,82,AT
83,CR008089,2012,5,1,"{'type': 'Point', 'coordinates': [-77.24945028, 2.256754909]}",19050,ARGELIA,CAUCA,PATIA,GUERRILLA,FARC,0.0,1,0,0,0,0,,,,,"{'type': 'Point', 'coordinates': [-77.24945028, 2.256754909]}",2.256754909,-77.24945028,2012-5-1,83,AT
84,CR010018,2006,4,6,"{'type': 'Point', 'coordinates': [-74.107359, 4.65017303]}",11001,"BOGOTA, D.C.","BOGOTA, D. C.",AREA METROPOLITANA DE BOGOTA,GUERRILLA,FARC,3.0,1,0,0,0,0,,,,,"{'type': 'Point', 'coordinates': [-74.107359, 4.65017303]}",4.65017303,-74.107359,2006-4-6,84,AT
85,CR010020,2006,10,19,"{'type': 'Point', 'coordinates': [-74.107359, 4.65017303]}",11001,"BOGOTA, D.C.","BOGOTA, D. C.",AREA METROPOLITANA DE BOGOTA,GUERRILLA,FARC,0.0,1,0,0,0,0,,,,,"{'type': 'Point', 'coordinates': [-74.107359, 4.65017303]}",4.65017303,-74.107359,2006-10-19,85,AT
86,CR011002,2012,2,2,"{'type': 'Point', 'coordinates': [-76.45787266, 3.177577927]}",19845,VILLA RICA,CAUCA,NORTE DEL CAUCA,GUERRILLA,FARC,6.0,1,0,0,0,0,,,,,"{'type': 'Point', 'coordinates': [-76.45787266, 3.177577927]}",3.177577927,-76.45787266,2012-2-2,86,AT
87,CR011112,2007,3,1,"{'type': 'Point', 'coordinates': [-75.27772259, 2.935604415]}",41001,NEIVA,HUILA,NORTE DEL HUILA,GUERRILLA,FARC,0.0,1,0,0,0,0,,,,,"{'type': 'Point', 'coordinates': [-75.27772259, 2.935604415]}",2.935604415,-75.27772259,2007-3-1,87,AT
88,CR012043,2012,5,24,"{'type': 'Point', 'coordinates': [-77.46956757, 1.28613693]}",52683,SANDONA,NARIÑO,CENTRO DE NARIÑO,GUERRILLA,FARC,0.0,1,0,0,0,0,,,,,"{'type': 'Point', 'coordinates': [-77.46956757, 1.28613693]}",1.28613693,-77.46956757,2012-5-24,88,AT
89,CR013026,2012,4,28,"{'type': 'Point', 'coordinates': [-77.59445713, 1.335351879]}",52678,SAMANIEGO,NARIÑO,OCCIDENTE DE NARIÑO,GUERRILLA,NO IDENTIFICADA,1.0,1,0,0,0,0,,,,,"{'type': 'Point', 'coordinates': [-77.59445713, 1.335351879]}",1.335351879,-77.59445713,2012-4-28,89,AT
90,CR016067,2014,8,24,"{'type': 'Point', 'coordinates': [-73.14473008, 10.24429187]}",20750,SAN DIEGO,CESAR,SERRANIA DEL PERIJA,GUERRILLA,NO IDENTIFICADA,0.0,1,0,0,0,0,,,,,"{'type': 'Point', 'coordinates': [-73.14473008, 10.24429187]}",10.24429187,-73.14473008,2014-8-24,90,AT
91,CR017054,2012,1,22,"{'type': 'Point', 'coordinates': [-73.09484592, 8.576771365]}",54250,EL TARRA,NORTE DE SANTANDER,CATATUMBO,GUERRILLA,FARC,0.0,1,0,0,0,0,,,,,"{'type': 'Point', 'coordinates': [-73.09484592, 8.576771365]}",8.576771365,-73.09484592,2012-1-22,91,AT
92,CR017103,2010,5,2,"{'type': 'Point', 'coordinates': [-77.88803347, 2.572918366]}",19318,GUAPI,CAUCA,ANDEN PACIFICO SUR,GRUPO ARMADO NO IDENTIFICADO,NO APLICA,1.0,0,0,0,0,0,,,,,"{'type': 'Point', 'coordinates': [-77.88803347, 2.572918366]}",2.572918366,-77.88803347,2010-5-2,92,AT
93,CR018154,2002,3,30,"{'type': 'Point', 'coordinates': [-67.486997, 6.186864187]}",99001,PUERTO CARRENO,VICHADA,ALTILLANURA,GUERRILLA,FARC,6.0,1,0,0,0,0,,,,,"{'type': 'Point', 'coordinates': [-67.486997, 6.186864187]}",6.186864187,-67.486997,2002-3-30,93,AT
94,CR018222,2010,6,11,"{'type': 'Point', 'coordinates': [-76.62596065, 7.883417406]}",5045,APARTADO,ANTIOQUIA,URABA,GUERRILLA,FARC,1.0,1,0,0,0,0,,,,,"{'type': 'Point', 'coordinates': [-76.62596065, 7.883417406]}",7.883417406,-76.62596065,2010-6-11,94,AT
95,CR018223,2008,8,14,"{'type': 'Point', 'coordinates': [-75.76467317, 7.17162903]}",5361,ITUANGO,ANTIOQUIA,NORTE DE ANTIOQUIA,GUERRILLA,FARC,7.0,1,0,0,0,0,,,,,"{'type': 'Point', 'coordinates': [-75.76467317, 7.17162903]}",7.17162903,-75.76467317,2008-8-14,95,AT
96,CR018225,2008,12,14,"{'type': 'Point', 'coordinates': [-75.02798382, 6.293754876]}",5667,SAN RAFAEL,ANTIOQUIA,ORIENTE ANTIOQUEÑO,GUERRILLA,FARC,0.0,1,0,0,0,0,,,,,"{'type': 'Point', 'coordinates': [-75.02798382, 6.293754876]}",6.293754876,-75.02798382,2008-12-14,96,AT
97,CR018227,2003,10,26,"{'type': 'Point', 'coordinates': [-75.41883314, 6.963872352]}",5887,YARUMAL,ANTIOQUIA,NORTE DE ANTIOQUIA,DESCONOCIDO,NO APLICA,5.0,0,0,0,0,0,,,,,"{'type': 'Point', 'coordinates': [-75.41883314, 6.963872352]}",6.963872352,-75.41883314,2003-10-26,97,AT
98,CR018229,1995,7,9,"{'type': 'Point', 'coordinates': [-74.107359, 4.65017303]}",11001,"BOGOTA, D.C.","BOGOTA, D. C.",AREA METROPOLITANA DE BOGOTA,GUERRILLA,FARC,0.0,1,0,0,0,0,,,,,"{'type': 'Point', 'coordinates': [-74.107359, 4.65017303]}",4.65017303,-74.107359,1995-7-9,98,AT
99,CR018236,1998,4,29,"{'type': 'Point', 'coordinates': [-72.91148891, 11.52875138]}",44001,RIOHACHA,LA GUAJIRA,SIERRA NEVADA DE SANTA MARTA,DESCONOCIDO,NO APLICA,1.0,0,0,0,0,0,,,,,"{'type': 'Point', 'coordinates': [-72.91148891, 11.52875138]}",11.52875138,-72.91148891,1998-4-29,99,AT
100,CR018301,2003,12,23,"{'type': 'Point', 'coordinates': [-75.47096996, 7.570867761]}",5790,TARAZA,ANTIOQUIA,BAJO CAUCA ANTIOQUEÑO,GRUPO ARMADO NO DIRIMIDO,NO APLICA,4.0,0,0,0,0,0,,,,,"{'type': 'Point', 'coordinates': [-75.47096996, 7.570867761]}",7.570867761,-75.47096996,2003-12-23,100,AT
101,CR018304,2009,3,28,"{'type': 'Point', 'coordinates': [-76.62596065, 7.883417406]}",5045,APARTADO,ANTIOQUIA,URABA,GRUPO ARMADO NO IDENTIFICADO,NO APLICA,0.0,0,0,0,0,0,,,,,"{'type': 'Point', 'coordinates': [-76.62596065, 7.883417406]}",7.883417406,-76.62596065,2009-3-28,101,AT
102,CR018420,2002,9,13,"{'type': 'Point', 'coordinates': [-71.87233343, 6.95385957]}",81736,SARAVENA,ARAUCA,SARARE,GUERRILLA,FARC,4.0,1,0,0,0,0,,,,,"{'type': 'Point', 'coordinates': [-71.87233343, 6.95385957]}",6.95385957,-71.87233343,2002-9-13,102,AT
103,CR018445,2011,3,18,"{'type': 'Point', 'coordinates': [-73.20605269, 8.40015189]}",54670,SAN CALIXTO,NORTE DE SANTANDER,CATATUMBO,GUERRILLA,FARC,3.0,1,0,0,0,0,,,,,"{'type': 'Point', 'coordinates': [-73.20605269, 8.40015189]}",8.40015189,-73.20605269,2011-3-18,103,AT
104,CR018646,2012,4,21,"{'type': 'Point', 'coordinates': [-75.19371478, 4.439608991]}",73001,IBAGUE,TOLIMA,NORTE DEL TOLIMA,GUERRILLA,FARC,0.0,1,0,0,0,0,,,,,"{'type': 'Point', 'coordinates': [-75.19371478, 4.439608991]}",4.439608991,-75.19371478,2012-4-21,104,AT
105,CR018738,2015,6,26,"{'type': 'Point', 'coordinates': [-76.49727285, 0.5050467219]}",86568,PUERTO ASIS,PUTUMAYO,BAJO PUTUMAYO,GUERRILLA,FARC,0.0,1,0,0,0,0,,,,,"{'type': 'Point', 'coordinates': [-76.49727285, 0.5050467219]}",0.5050467219,-76.49727285,2015-6-26,105,AT
106,CR018741,2015,7,9,"{'type': 'Point', 'coordinates': [-75.14834842, 7.074707669]}",5040,ANORI,ANTIOQUIA,NORDESTE ANTIOQUEÑO,GUERRILLA,FARC,0.0,1,0,0,0,0,,,,,"{'type': 'Point', 'coordinates': [-75.14834842, 7.074707669]}",7.074707669,-75.14834842,2015-7-9,106,AT
107,CR018743,2015,7,11,"{'type': 'Point', 'coordinates': [-77.66756524, 2.777413702]}",19809,TIMBIQUI,CAUCA,ANDEN PACIFICO SUR,DESCONOCIDO,NO APLICA,0.0,0,0,0,0,0,,,,,"{'type': 'Point', 'coordinates': [-77.66756524, 2.777413702]}",2.777413702,-77.66756524,2015-7-11,107,AT
108,CR018744,2015,7,13,"{'type': 'Point', 'coordinates': [-76.23450174, 3.323918106]}",76275,FLORIDA,VALLE DEL CAUCA,SUR DEL VALLE,GUERRILLA,FARC,0.0,1,0,0,0,0,,,,,"{'type': 'Point', 'coordinates': [-76.23450174, 3.323918106]}",3.323918106,-76.23450174,2015-7-13,108,AT
109,CR018754,2015,9,13,"{'type': 'Point', 'coordinates': [-71.7685578, 6.797075753]}",81300,FORTUL,ARAUCA,SARARE,GUERRILLA,NO IDENTIFICADA,0.0,1,0,0,0,0,,,,,"{'type': 'Point', 'coordinates': [-71.7685578, 6.797075753]}",6.797075753,-71.7685578,2015-9-13,109,AT
110,CR018761,2015,5,27,"{'type': 'Point', 'coordinates': [-78.109849, 2.477550593]}",52250,EL CHARCO,NARIÑO,ANDEN PACIFICO SUR,GRUPO ARMADO NO IDENTIFICADO,NO APLICA,0.0,0,0,0,0,0,,,,,"{'type': 'Point', 'coordinates': [-78.109849, 2.477550593]}",2.477550593,-78.109849,2015-5-27,110,AT
111,CR018765,2015,7,11,"{'type': 'Point', 'coordinates': [-76.65027142, 1.152296118]}",86001,MOCOA,PUTUMAYO,MEDIO PUTUMAYO,GUERRILLA,FARC,0.0,1,0,0,0,0,,,,,"{'type': 'Point', 'coordinates': [-76.65027142, 1.152296118]}",1.152296118,-76.65027142,2015-7-11,111,AT
112,CR018769,2015,7,19,"{'type': 'Point', 'coordinates': [-78.76385415, 1.80711725]}",52835,SAN ANDRES DE TUMACO,NARIÑO,ANDEN PACIFICO SUR,GUERRILLA,FARC,0.0,1,0,0,0,0,,,,,"{'type': 'Point', 'coordinates': [-78.76385415, 1.80711725]}",1.80711725,-78.76385415,2015-7-19,112,AT
113,CR018871,2000,1,18,"{'type': 'Point', 'coordinates': [-74.107359, 4.65017303]}",11001,"BOGOTA, D.C.","BOGOTA, D. C.",AREA METROPOLITANA DE BOGOTA,GUERRILLA,FARC,1.0,1,0,0,0,0,,,,,"{'type': 'Point', 'coordinates': [-74.107359, 4.65017303]}",4.65017303,-74.107359,2000-1-18,113,AT
114,CR018872,1998,2,12,"{'type': 'Point', 'coordinates': [-75.58171333, 6.246715564]}",5001,MEDELLIN,ANTIOQUIA,VALLE DE ABURRA,GUERRILLA,ELN,4.0,1,0,0,0,0,,,,,"{'type': 'Point', 'coordinates': [-75.58171333, 6.246715564]}",6.246715564,-75.58171333,1998-2-12,114,AT
115,CR018971,2000,3,31,"{'type': 'Point', 'coordinates': [-74.4357071, 4.730954629]}",25123,CACHIPAY,CUNDINAMARCA,ALTIPLANO CUNDIBOYACENSE,GUERRILLA,FARC,3.0,1,0,0,0,0,,,,,"{'type': 'Point', 'coordinates': [-74.4357071, 4.730954629]}",4.730954629,-74.4357071,2000-3-31,115,AT
116,CR020249,1992,4,1,"{'type': 'Point', 'coordinates': [-76.52156515, 3.414414305]}",76001,CALI,VALLE DEL CAUCA,SUR DEL VALLE,GUERRILLA,FARC,3.0,1,0,0,0,0,,,,,"{'type': 'Point', 'coordinates': [-76.52156515, 3.414414305]}",3.414414305,-76.52156515,1992-4-1,116,AT
117,CR021260,2003,4,24,"{'type': 'Point', 'coordinates': [-75.24282171, 6.219450549]}",5541,PENOL,ANTIOQUIA,ORIENTE ANTIOQUEÑO,DESCONOCIDO,NO APLICA,4.0,0,0,0,0,0,,,,,"{'type': 'Point', 'coordinates': [-75.24282171, 6.219450549]}",6.219450549,-75.24282171,2003-4-24,117,AT
118,CR021281,2003,5,8,"{'type': 'Point', 'coordinates': [-76.52156515, 3.414414305]}",76001,CALI,VALLE DEL CAUCA,SUR DEL VALLE,DESCONOCIDO,NO APLICA,3.0,0,0,0,0,0,,,,,"{'type': 'Point', 'coordinates': [-76.52156515, 3.414414305]}",3.414414305,-76.52156515,2003-5-8,118,AT
119,CR023015,1999,7,30,"{'type': 'Point', 'coordinates': [-75.58171333, 6.246715564]}",5001,MEDELLIN,ANTIOQUIA,VALLE DE ABURRA,GUERRILLA,ELN,9.0,1,0,0,0,0,,,,,"{'type': 'Point', 'coordinates': [-75.58171333, 6.246715564]}",6.246715564,-75.58171333,1999-7-30,119,AT
120,CR023019,1997,3,10,"{'type': 'Point', 'coordinates': [-75.87557791, 8.745132591]}",23001,MONTERIA,CORDOBA,ALTO SINU Y SAN JORGE,GUERRILLA,NO IDENTIFICADA,0.0,1,0,0,0,0,,,,,"{'type': 'Point', 'coordinates': [-75.87557791, 8.745132591]}",8.745132591,-75.87557791,1997-3-10,120,AT
121,CR023021,1996,10,21,"{'type': 'Point', 'coordinates': [-75.87557791, 8.745132591]}",23001,MONTERIA,CORDOBA,ALTO SINU Y SAN JORGE,GUERRILLA,FARC,0.0,1,0,0,0,0,,,,,"{'type': 'Point', 'coordinates': [-75.87557791, 8.745132591]}",8.745132591,-75.87557791,1996-10-21,121,AT
122,CR035022,2010,3,24,"{'type': 'Point', 'coordinates': [-77.0117402, 3.875802437]}",76109,BUENAVENTURA,VALLE DEL CAUCA,ANDEN PACIFICO SUR,GUERRILLA,FARC,9.0,1,0,0,0,0,,,,,"{'type': 'Point', 'coordinates': [-77.0117402, 3.875802437]}",3.875802437,-77.0117402,2010-3-24,122,AT
123,CR036067,1997,7,27,"{'type': 'Point', 'coordinates': [-75.14834842, 7.074707669]}",5040,ANORI,ANTIOQUIA,NORDESTE ANTIOQUEÑO,GUERRILLA,NO IDENTIFICADA,20.0,1,0,0,0,0,,,,,"{'type': 'Point', 'coordinates': [-75.14834842, 7.074707669]}",7.074707669,-75.14834842,1997-7-27,123,AT
124,CR040165,2003,8,8,"{'type': 'Point', 'coordinates': [-71.87233343, 6.95385957]}",81736,SARAVENA,ARAUCA,SARARE,GUERRILLA,FARC,5.0,1,0,0,0,0,,,,,"{'type': 'Point', 'coordinates': [-71.87233343, 6.95385957]}",6.95385957,-71.87233343,2003-8-8,124,AT
125,CR041132,2001,10,7,"{'type': 'Point', 'coordinates': [-75.02798382, 6.293754876]}",5667,SAN RAFAEL,ANTIOQUIA,ORIENTE ANTIOQUEÑO,GUERRILLA,FARC,3.0,1,0,0,0,0,,,,,"{'type': 'Point', 'coordinates': [-75.02798382, 6.293754876]}",6.293754876,-75.02798382,2001-10-7,125,AT
126,CR046007,1999,12,17,"{'type': 'Point', 'coordinates': [-76.9059688, 0.4239040926]}",86865,VALLE DEL GUAMUEZ,PUTUMAYO,BAJO PUTUMAYO,GUERRILLA,FARC,6.0,1,0,0,0,0,,,,,"{'type': 'Point', 'coordinates': [-76.9059688, 0.4239040926]}",0.4239040926,-76.9059688,1999-12-17,126,AT
127,CR046671,2002,3,28,"{'type': 'Point', 'coordinates': [-72.655172, 1.960108633]}",95015,CALAMAR,GUAVIARE,ARIARI GUAYABERO,GRUPO ARMADO NO IDENTIFICADO,NO APLICA,4.0,0,0,0,0,0,,,,,"{'type': 'Point', 'coordinates': [-72.655172, 1.960108633]}",1.960108633,-72.655172,2002-3-28,127,AT
128,CR047087,2003,7,2,"{'type': 'Point', 'coordinates': [-76.21763745, 1.92946706]}",41359,ISNOS,HUILA,SUR DEL HUILA,GUERRILLA,FARC,1.0,1,0,0,0,0,,,,,"{'type': 'Point', 'coordinates': [-76.21763745, 1.92946706]}",1.92946706,-76.21763745,2003-7-2,128,AT
129,CR047110,2003,8,10,"{'type': 'Point', 'coordinates': [-73.69561782, 3.701879876]}",50689,SAN MARTIN,META,PIEDEMONTE LLANERO,GUERRILLA,FARC,1.0,1,0,0,0,0,,,,,"{'type': 'Point', 'coordinates': [-73.69561782, 3.701879876]}",3.701879876,-73.69561782,2003-8-10,129,AT
130,CR047153,2003,11,1,"{'type': 'Point', 'coordinates': [-75.60856043, 1.61792293]}",18001,FLORENCIA,CAQUETA,FLORENCIA Y AREA DE INFLUENCIA,GUERRILLA,FARC,3.0,1,0,0,0,0,,,,,"{'type': 'Point', 'coordinates': [-75.60856043, 1.61792293]}",1.61792293,-75.60856043,2003-11-1,130,AT
131,CR047498,2006,8,4,"{'type': 'Point', 'coordinates': [-76.52156515, 3.414414305]}",76001,CALI,VALLE DEL CAUCA,SUR DEL VALLE,DESCONOCIDO,NO APLICA,7.0,0,0,0,0,0,,,,,"{'type': 'Point', 'coordinates': [-76.52156515, 3.414414305]}",3.414414305,-76.52156515,2006-8-4,131,AT
132,CR047869,2015,11,5,"{'type': 'Point', 'coordinates': [-76.7788973, 2.001109223]}",19397,LA VEGA,CAUCA,MACIZO COLOMBIANO,GRUPO ARMADO NO IDENTIFICADO,NO APLICA,0.0,0,0,0,0,0,,,,,"{'type': 'Point', 'coordinates': [-76.7788973, 2.001109223]}",2.001109223,-76.7788973,2015-11-5,132,AT
133,CR047946,2012,2,27,"{'type': 'Point', 'coordinates': [-73.09484592, 8.576771365]}",54250,EL TARRA,NORTE DE SANTANDER,CATATUMBO,GUERRILLA,FARC,0.0,1,0,0,0,0,,,,,"{'type': 'Point', 'coordinates': [-73.09484592, 8.576771365]}",8.576771365,-73.09484592,2012-2-27,133,AT
134,CR048156,1992,9,1,"{'type': 'Point', 'coordinates': [-75.58171333, 6.246715564]}",5001,MEDELLIN,ANTIOQUIA,VALLE DE ABURRA,DESCONOCIDO,NO APLICA,9.0,0,0,0,0,0,,,,,"{'type': 'Point', 'coordinates': [-75.58171333, 6.246715564]}",6.246715564,-75.58171333,1992-9-1,134,AT
135,CR048326,2002,11,16,"{'type': 'Point', 'coordinates': [-74.19089412, 11.2294335]}",47001,SANTA MARTA,MAGDALENA,SIERRA NEVADA DE SANTA MARTA,GUERRILLA,FARC,2.0,1,0,0,0,0,,,,,"{'type': 'Point', 'coordinates': [-74.19089412, 11.2294335]}",11.2294335,-74.19089412,2002-11-16,135,AT
136,CR048444,2014,6,7,"{'type': 'Point', 'coordinates': [-75.58171333, 6.246715564]}",5001,MEDELLIN,ANTIOQUIA,VALLE DE ABURRA,GUERRILLA,FARC,0.0,1,0,0,0,0,,,,,"{'type': 'Point', 'coordinates': [-75.58171333, 6.246715564]}",6.246715564,-75.58171333,2014-6-7,136,AT
137,CR048476,2011,12,5,"{'type': 'Point', 'coordinates': [-72.24190502, 11.37832678]}",44430,MAICAO,LA GUAJIRA,ALTA GUAJIRA,GUERRILLA,FARC,3.0,1,0,0,0,0,,,,,"{'type': 'Point', 'coordinates': [-72.24190502, 11.37832678]}",11.37832678,-72.24190502,2011-12-5,137,AT
138,CR048988,2003,8,24,"{'type': 'Point', 'coordinates': [-73.20651333, 2.939743676]}",50590,PUERTO RICO,META,ARIARI GUAYABERO,GUERRILLA,FARC,5.0,1,0,0,0,0,,,,,"{'type': 'Point', 'coordinates': [-73.20651333, 2.939743676]}",2.939743676,-73.20651333,2003-8-24,138,AT
139,CR080122,2014,1,16,"{'type': 'Point', 'coordinates': [-75.67473253, 6.916808512]}",5647,SAN ANDRES DE CUERQUIA,ANTIOQUIA,NORTE DE ANTIOQUIA,GUERRILLA,FARC,0.0,1,0,0,0,0,,,,,"{'type': 'Point', 'coordinates': [-75.67473253, 6.916808512]}",6.916808512,-75.67473253,2014-1-16,139,AT
140,CR102116,1997,2,3,"{'type': 'Point', 'coordinates': [-77.11310959, 7.436631552]}",27615,RIOSUCIO,CHOCO,URABA,GRUPO ARMADO NO DIRIMIDO,NO APLICA,1.0,0,0,0,0,0,,,,,"{'type': 'Point', 'coordinates': [-77.11310959, 7.436631552]}",7.436631552,-77.11310959,1997-2-3,140,AT
141,CR2017185401,2007,1,21,"{'type': 'Point', 'coordinates': [-77.0117402, 3.875802437]}",76109,BUENAVENTURA,VALLE DEL CAUCA,ANDEN PACIFICO SUR,GUERRILLA,FARC,6.0,1,0,0,0,0,,,,,"{'type': 'Point', 'coordinates': [-77.0117402, 3.875802437]}",3.875802437,-77.0117402,2007-1-21,141,AT
142,CR2017189655,1992,11,7,"{'type': 'Point', 'coordinates': [-75.33164423, 6.439226882]}",5079,BARBOSA,ANTIOQUIA,VALLE DE ABURRA,GUERRILLA,COORDINADORA GUERRILLERA SIMÓN BOLÍVAR,1.0,1,0,0,0,0,,,,,"{'type': 'Point', 'coordinates': [-75.33164423, 6.439226882]}",6.439226882,-75.33164423,1992-11-7,142,AT
143,CR2017195048,2001,8,9,"{'type': 'Point', 'coordinates': [-72.78683006, 7.916581824]}",54313,GRAMALOTE,NORTE DE SANTANDER,PROVINCIA DE RICAURTE,GUERRILLA,ELN,2.0,1,0,0,0,0,,,,,"{'type': 'Point', 'coordinates': [-72.78683006, 7.916581824]}",7.916581824,-72.78683006,2001-8-9,143,AT
144,CR2017200991,2012,6,19,"{'type': 'Point', 'coordinates': [-75.31537288, 2.522447597]}",41020,ALGECIRAS,HUILA,CENTRO DEL HUILA,GUERRILLA,FARC,0.0,1,0,0,0,0,,,,,"{'type': 'Point', 'coordinates': [-75.31537288, 2.522447597]}",2.522447597,-75.31537288,2012-6-19,144,AT
145,CR2017203550,2012,10,30,"{'type': 'Point', 'coordinates': [-76.98097859, 2.115670227]}",19532,PATIA,CAUCA,PATIA,GUERRILLA,FARC,0.0,1,0,0,0,0,,,,,"{'type': 'Point', 'coordinates': [-76.98097859, 2.115670227]}",2.115670227,-76.98097859,2012-10-30,145,AT
146,CR2017421647,2002,12,2,"{'type': 'Point', 'coordinates': [-73.07167902, 10.51021405]}",44420,LA JAGUA DEL PILAR,LA GUAJIRA,SERRANIA DEL PERIJA,GUERRILLA,FARC,0.0,1,0,0,0,0,,,,,"{'type': 'Point', 'coordinates': [-73.07167902, 10.51021405]}",10.51021405,-73.07167902,2002-12-2,146,AT
147,CR2017500471,2001,12,24,"{'type': 'Point', 'coordinates': [-73.70571533, 3.546694724]}",50313,GRANADA,META,ARIARI GUAYABERO,GUERRILLA,FARC,0.0,1,0,0,0,0,,,,,"{'type': 'Point', 'coordinates': [-73.70571533, 3.546694724]}",3.546694724,-73.70571533,2001-12-24,147,AT
148,CR2017511102,2011,10,24,"{'type': 'Point', 'coordinates': [-77.61688638, 1.085193359]}",52838,TUQUERRES,NARIÑO,CENTRO OCCIDENTE DE NARIÑO,GRUPO ARMADO NO IDENTIFICADO,NO APLICA,1.0,0,0,0,0,0,,,,,"{'type': 'Point', 'coordinates': [-77.61688638, 1.085193359]}",1.085193359,-77.61688638,2011-10-24,148,AT
149,CR2017511104,2012,4,11,"{'type': 'Point', 'coordinates': [-77.21589814, 2.040478768]}",19075,BALBOA,CAUCA,PATIA,GUERRILLA,FARC,0.0,1,0,0,0,0,,,,,"{'type': 'Point', 'coordinates': [-77.21589814, 2.040478768]}",2.040478768,-77.21589814,2012-4-11,149,AT
150,CR2017511123,1988,3,29,"{'type': 'Point', 'coordinates': [-74.107359, 4.65017303]}",11001,"BOGOTA, D.C.","BOGOTA, D. C.",AREA METROPOLITANA DE BOGOTA,GRUPO PARAMILITAR,OTRO,0.0,0,1,0,0,0,,,,,"{'type': 'Point', 'coordinates': [-74.107359, 4.65017303]}",4.65017303,-74.107359,1988-3-29,150,AT
151,CR2017521513,2000,11,19,"{'type': 'Point', 'coordinates': [-75.60600233, 4.01159776]}",73622,RONCESVALLES,TOLIMA,SUR DEL TOLIMA,GUERRILLA,FARC,3.0,1,0,0,0,0,,,,,"{'type': 'Point', 'coordinates': [-75.60600233, 4.01159776]}",4.01159776,-75.60600233,2000-11-19,151,AT
152,CR2017521875,2012,9,24,"{'type': 'Point', 'coordinates': [-77.59445713, 1.335351879]}",52678,SAMANIEGO,NARIÑO,OCCIDENTE DE NARIÑO,DESCONOCIDO,NO APLICA,0.0,0,0,0,0,0,,,,,"{'type': 'Point', 'coordinates': [-77.59445713, 1.335351879]}",1.335351879,-77.59445713,2012-9-24,152,AT
153,CR2017649202,2007,6,26,"{'type': 'Point', 'coordinates': [-77.35596327, 3.93032998]}",76109,BUENAVENTURA,VALLE DEL CAUCA,ANDEN PACIFICO SUR,GUERRILLA,FARC,2.0,1,0,0,0,0,,,,,"{'type': 'Point', 'coordinates': [-77.35596327, 3.93032998]}",3.93032998,-77.35596327,2007-6-26,153,AT
154,CR2017679826,2022,1,19,"{'type': 'Point', 'coordinates': [-71.87233343, 6.95385957]}",81736,SARAVENA,ARAUCA,SARARE,GUERRILLA,DISIDENCIA FARC,1.0,1,0,0,0,0,,,,,"{'type': 'Point', 'coordinates': [-71.87233343, 6.95385957]}",6.95385957,-71.87233343,2022-1-19,154,AT
155,CR2017679973,2022,2,16,"{'type': 'Point', 'coordinates': [-76.81077225, 2.45137136]}",19256,EL TAMBO,CAUCA,NORTE DEL CAUCA,GUERRILLA,DISIDENCIA FARC,5.0,1,0,0,0,0,,,,,"{'type': 'Point', 'coordinates': [-76.81077225, 2.45137136]}",2.45137136,-76.81077225,2022-2-16,155,AT
156,,1989,10,16,"{'type': 'Point', 'coordinates': [-73.13259818, 7.116267276]}",68001,BUCARAMANGA,SANTANDER,PROVINCIA DE SOTO,GUERRILLA,NO IDENTIFICADA,3.0,1,0,0,0,0,,,,,"{'type': 'Point', 'coordinates': [-73.13259818, 7.116267276]}",7.116267276,-73.13259818,1989-10-16,156,AT
157,,1990,6,28,"{'type': 'Point', 'coordinates': [-75.58171333, 6.246715564]}",5001,MEDELLIN,ANTIOQUIA,VALLE DE ABURRA,GRUPO ARMADO NO IDENTIFICADO,NO APLICA,14.0,0,0,0,0,0,,,,,"{'type': 'Point', 'coordinates': [-75.58171333, 6.246715564]}",6.246715564,-75.58171333,1990-6-28,157,AT
158,,1991,6,1,"{'type': 'Point', 'coordinates': [-75.49104898, 5.057688197]}",17001,MANIZALES,CALDAS,EJE CAFETERO,GUERRILLA,EPL,4.0,1,0,0,0,0,,,,,"{'type': 'Point', 'coordinates': [-75.49104898, 5.057688197]}",5.057688197,-75.49104898,1991-6-1,158,AT
159,,1993,2,10,"{'type': 'Point', 'coordinates': [-73.84995698, 7.064963864]}",68081,BARRANCABERMEJA,SANTANDER,MAGDALENA MEDIO,GUERRILLA,NO IDENTIFICADA,16.0,1,0,0,0,0,,,,,"{'type': 'Point', 'coordinates': [-73.84995698, 7.064963864]}",7.064963864,-73.84995698,1993-2-10,159,AT
160,,1995,6,10,"{'type': 'Point', 'coordinates': [-75.58171333, 6.246715564]}",5001,MEDELLIN,ANTIOQUIA,VALLE DE ABURRA,DESCONOCIDO,NO APLICA,1.0,0,0,0,0,0,,,,,"{'type': 'Point', 'coordinates': [-75.58171333, 6.246715564]}",6.246715564,-75.58171333,1995-6-10,160,AT
161,,1995,6,10,"{'type': 'Point', 'coordinates': [-75.58171333, 6.246715564]}",5001,MEDELLIN,ANTIOQUIA,VALLE DE ABURRA,GUERRILLA,FARC,23.0,1,0,0,0,0,,,,,"{'type': 'Point', 'coordinates': [-75.58171333, 6.246715564]}",6.246715564,-75.58171333,1995-6-10,161,AT
162,,1997,10,14,"{'type': 'Point', 'coordinates': [-75.15748874, 1.908935073]}",18592,PUERTO RICO,CAQUETA,CAGUAN,GUERRILLA,FARC,1.0,1,0,0,0,0,,,,,"{'type': 'Point', 'coordinates': [-75.15748874, 1.908935073]}",1.908935073,-75.15748874,1997-10-14,162,AT
163,,1998,2,6,"{'type': 'Point', 'coordinates': [-74.52316032, 4.439355814]}",25878,VIOTA,CUNDINAMARCA,SUROCCIDENTE DE CUNDINAMARCA,GUERRILLA,FARC,1.0,1,0,0,0,0,,,,,"{'type': 'Point', 'coordinates': [-74.52316032, 4.439355814]}",4.439355814,-74.52316032,1998-2-6,163,AT
164,,1998,9,18,"{'type': 'Point', 'coordinates': [-75.5230307, 9.736932014]}",70713,SAN ONOFRE,SUCRE,MONTES DE MARIA,GRUPO PARAMILITAR,AUTODEFENSAS UNIDAS DE COLOMBIA AUC,4.0,0,1,0,0,0,,,,,"{'type': 'Point', 'coordinates': [-75.5230307, 9.736932014]}",9.736932014,-75.5230307,1998-9-18,164,AT
165,,1999,5,30,"{'type': 'Point', 'coordinates': [-72.89972106, 8.998278492]}",54810,TIBU,NORTE DE SANTANDER,CATATUMBO,GRUPO PARAMILITAR,NO IDENTIFICADO,1.0,0,1,0,0,0,,,,,"{'type': 'Point', 'coordinates': [-72.89972106, 8.998278492]}",8.998278492,-72.89972106,1999-5-30,165,AT
166,,2000,3,9,"{'type': 'Point', 'coordinates': [-75.87557791, 8.745132591]}",23001,MONTERIA,CORDOBA,ALTO SINU Y SAN JORGE,GRUPO PARAMILITAR,NO IDENTIFICADO,1.0,0,1,0,0,0,,,,,"{'type': 'Point', 'coordinates': [-75.87557791, 8.745132591]}",8.745132591,-75.87557791,2000-3-9,166,AT
167,,2000,11,5,"{'type': 'Point', 'coordinates': [-76.52156515, 3.414414305]}",76001,CALI,VALLE DEL CAUCA,SUR DEL VALLE,GUERRILLA,ELN,1.0,1,0,0,0,0,,,,,"{'type': 'Point', 'coordinates': [-76.52156515, 3.414414305]}",3.414414305,-76.52156515,2000-11-5,167,AT
168,,2002,4,14,"{'type': 'Point', 'coordinates': [-74.79525905, 10.97592682]}",8001,BARRANQUILLA,ATLANTICO,NORTE DE ATLANTICO,GUERRILLA,FARC,4.0,1,0,0,0,0,,,,,"{'type': 'Point', 'coordinates': [-74.79525905, 10.97592682]}",10.97592682,-74.79525905,2002-4-14,168,AT
169,,2002,4,15,"{'type': 'Point', 'coordinates': [-76.54245873, 3.26227576]}",76364,JAMUNDI,VALLE DEL CAUCA,SUR DEL VALLE,GRUPO PARAMILITAR,NO IDENTIFICADO,3.0,0,1,0,0,0,,,,,"{'type': 'Point', 'coordinates': [-76.54245873, 3.26227576]}",3.26227576,-76.54245873,2002-4-15,169,AT
170,,2002,9,6,"{'type': 'Point', 'coordinates': [-75.68246912, 4.827187832]}",66170,DOSQUEBRADAS,RISARALDA,EJE CAFETERO,GRUPO ARMADO NO IDENTIFICADO,NO APLICA,2.0,0,0,0,0,0,,,,,"{'type': 'Point', 'coordinates': [-75.68246912, 4.827187832]}",4.827187832,-75.68246912,2002-9-6,170,AT
171,,2002,9,16,"{'type': 'Point', 'coordinates': [-71.42675118, 7.026981415]}",81065,ARAUQUITA,ARAUCA,SARARE,GUERRILLA,NO IDENTIFICADA,1.0,1,0,0,0,0,,,,,"{'type': 'Point', 'coordinates': [-71.42675118, 7.026981415]}",7.026981415,-71.42675118,2002-9-16,171,AT
172,,2003,4,17,"{'type': 'Point', 'coordinates': [-71.7685578, 6.797075753]}",81300,FORTUL,ARAUCA,SARARE,GUERRILLA,FARC,1.0,1,0,0,0,0,,,,,"{'type': 'Point', 'coordinates': [-71.7685578, 6.797075753]}",6.797075753,-71.7685578,2003-4-17,172,AT
173,,2003,7,5,"{'type': 'Point', 'coordinates': [-75.32612346, 1.570373283]}",18256,EL PAUJIL,CAQUETA,FLORENCIA Y AREA DE INFLUENCIA,GUERRILLA,FARC,0.0,1,0,0,0,0,,,,,"{'type': 'Point', 'coordinates': [-75.32612346, 1.570373283]}",1.570373283,-75.32612346,2003-7-5,173,AT
174,,2003,7,8,"{'type': 'Point', 'coordinates': [-75.32612346, 1.570373283]}",18256,EL PAUJIL,CAQUETA,FLORENCIA Y AREA DE INFLUENCIA,GUERRILLA,FARC,1.0,1,0,0,0,0,,,,,"{'type': 'Point', 'coordinates': [-75.32612346, 1.570373283]}",1.570373283,-75.32612346,2003-7-8,174,AT
175,,2003,10,14,"{'type': 'Point', 'coordinates': [-71.87233343, 6.95385957]}",81736,SARAVENA,ARAUCA,SARARE,GUERRILLA,FARC,0.0,1,0,0,0,0,,,,,"{'type': 'Point', 'coordinates': [-71.87233343, 6.95385957]}",6.95385957,-71.87233343,2003-10-14,175,AT
176,,2003,10,16,"{'type': 'Point', 'coordinates': [-71.7685578, 6.797075753]}",81300,FORTUL,ARAUCA,SARARE,GUERRILLA,FARC,2.0,1,0,0,0,0,,,,,"{'type': 'Point', 'coordinates': [-71.7685578, 6.797075753]}",6.797075753,-71.7685578,2003-10-16,176,AT
177,,2003,11,10,"{'type': 'Point', 'coordinates': [-75.76467317, 7.17162903]}",5361,ITUANGO,ANTIOQUIA,NORTE DE ANTIOQUIA,GUERRILLA,FARC,0.0,1,0,0,0,0,,,,,"{'type': 'Point', 'coordinates': [-75.76467317, 7.17162903]}",7.17162903,-75.76467317,2003-11-10,177,AT
178,,2003,11,27,"{'type': 'Point', 'coordinates': [-71.75861086, 6.449379486]}",81794,TAME,ARAUCA,SARARE,GRUPO ARMADO NO IDENTIFICADO,NO APLICA,2.0,0,0,0,0,0,,,,,"{'type': 'Point', 'coordinates': [-71.75861086, 6.449379486]}",6.449379486,-71.75861086,2003-11-27,178,AT
179,,2003,11,27,"{'type': 'Point', 'coordinates': [-71.75861086, 6.449379486]}",81794,TAME,ARAUCA,SARARE,GUERRILLA,FARC,1.0,1,0,0,0,0,,,,,"{'type': 'Point', 'coordinates': [-71.75861086, 6.449379486]}",6.449379486,-71.75861086,2003-11-27,179,AT
180,,2003,12,16,"{'type': 'Point', 'coordinates': [-74.79525905, 10.97592682]}",8001,BARRANQUILLA,ATLANTICO,NORTE DE ATLANTICO,GUERRILLA,NO IDENTIFICADA,1.0,1,0,0,0,0,,,,,"{'type': 'Point', 'coordinates': [-74.79525905, 10.97592682]}",10.97592682,-74.79525905,2003-12-16,180,AT
181,,2005,8,6,"{'type': 'Point', 'coordinates': [-70.74635031, 7.077358544]}",81001,ARAUCA,ARAUCA,LLANOS ORIENTALES,DESCONOCIDO,NO APLICA,1.0,0,0,0,0,0,,,,,"{'type': 'Point', 'coordinates': [-70.74635031, 7.077358544]}",7.077358544,-70.74635031,2005-8-6,181,AT
182,,2005,8,6,"{'type': 'Point', 'coordinates': [-70.74635031, 7.077358544]}",81001,ARAUCA,ARAUCA,LLANOS ORIENTALES,GUERRILLA,NO IDENTIFICADA,1.0,1,0,0,0,0,,,,,"{'type': 'Point', 'coordinates': [-70.74635031, 7.077358544]}",7.077358544,-70.74635031,2005-8-6,182,AT
183,,2006,4,27,"{'type': 'Point', 'coordinates': [-73.84995698, 7.064963864]}",68081,BARRANCABERMEJA,SANTANDER,MAGDALENA MEDIO,GRUPO POSDESMOVILIZACIÓN,URABEÑOS/AUTODEFENSAS GAITANISTAS DE COLOMBIA/ÁGUILAS NEGRAS/CLAN ÚSUGA,0.0,0,0,1,0,0,,,,,"{'type': 'Point', 'coordinates': [-73.84995698, 7.064963864]}",7.064963864,-73.84995698,2006-4-27,183,AT
184,,2006,8,18,"{'type': 'Point', 'coordinates': [-77.0117402, 3.875802437]}",76109,BUENAVENTURA,VALLE DEL CAUCA,ANDEN PACIFICO SUR,GUERRILLA,FARC,1.0,1,0,0,0,0,,,,,"{'type': 'Point', 'coordinates': [-77.0117402, 3.875802437]}",3.875802437,-77.0117402,2006-8-18,184,AT
185,,2007,2,9,"{'type': 'Point', 'coordinates': [-77.0117402, 3.875802437]}",76109,BUENAVENTURA,VALLE DEL CAUCA,ANDEN PACIFICO SUR,GUERRILLA,FARC,1.0,1,0,0,0,0,,,,,"{'type': 'Point', 'coordinates': [-77.0117402, 3.875802437]}",3.875802437,-77.0117402,2007-2-9,185,AT
186,,2008,6,9,"{'type': 'Point', 'coordinates': [-74.107359, 4.65017303]}",11001,"BOGOTA, D.C.","BOGOTA, D. C.",AREA METROPOLITANA DE BOGOTA,GUERRILLA,FARC,1.0,1,0,0,0,0,,,,,"{'type': 'Point', 'coordinates': [-74.107359, 4.65017303]}",4.65017303,-74.107359,2008-6-9,186,AT
187,,2008,8,19,"{'type': 'Point', 'coordinates': [-75.02798382, 6.293754876]}",5667,SAN RAFAEL,ANTIOQUIA,ORIENTE ANTIOQUEÑO,GUERRILLA,FARC,1.0,1,0,0,0,0,,,,,"{'type': 'Point', 'coordinates': [-75.02798382, 6.293754876]}",6.293754876,-75.02798382,2008-8-19,187,AT
188,,2009,1,29,"{'type': 'Point', 'coordinates': [-74.107359, 4.65017303]}",11001,"BOGOTA, D.C.","BOGOTA, D. C.",AREA METROPOLITANA DE BOGOTA,GUERRILLA,FARC,2.0,1,0,0,0,0,,,,,"{'type': 'Point', 'coordinates': [-74.107359, 4.65017303]}",4.65017303,-74.107359,2009-1-29,188,AT
189,,2009,2,1,"{'type': 'Point', 'coordinates': [-76.52156515, 3.414414305]}",76001,CALI,VALLE DEL CAUCA,SUR DEL VALLE,GRUPO ARMADO NO IDENTIFICADO,NO APLICA,2.0,0,0,0,0,0,,,,,"{'type': 'Point', 'coordinates': [-76.52156515, 3.414414305]}",3.414414305,-76.52156515,2009-2-1,189,AT
190,,2009,2,12,"{'type': 'Point', 'coordinates': [-73.33720845, 8.470368933]}",54206,CONVENCION,NORTE DE SANTANDER,CATATUMBO,GUERRILLA,ELN,9.0,1,0,0,0,0,,,,,"{'type': 'Point', 'coordinates': [-73.33720845, 8.470368933]}",8.470368933,-73.33720845,2009-2-12,190,AT
191,,2009,4,16,"{'type': 'Point', 'coordinates': [-75.35235749, 7.578315451]}",5120,CACERES,ANTIOQUIA,BAJO CAUCA ANTIOQUEÑO,GRUPO ARMADO NO IDENTIFICADO,NO APLICA,0.0,0,0,0,0,0,,,,,"{'type': 'Point', 'coordinates': [-75.35235749, 7.578315451]}",7.578315451,-75.35235749,2009-4-16,191,AT
192,,2009,7,7,"{'type': 'Point', 'coordinates': [-75.35235749, 7.578315451]}",5120,CACERES,ANTIOQUIA,BAJO CAUCA ANTIOQUEÑO,GRUPO PARAMILITAR,NO IDENTIFICADO,0.0,0,1,0,0,0,,,,,"{'type': 'Point', 'coordinates': [-75.35235749, 7.578315451]}",7.578315451,-75.35235749,2009-7-7,192,AT
193,,2009,8,15,"{'type': 'Point', 'coordinates': [-74.40994553, 6.48704114]}",5579,PUERTO BERRIO,ANTIOQUIA,MAGDALENA MEDIO,GRUPO POSDESMOVILIZACIÓN,NO IDENTIFICADO,0.0,0,0,1,0,0,,,,,"{'type': 'Point', 'coordinates': [-74.40994553, 6.48704114]}",6.48704114,-74.40994553,2009-8-15,193,AT
194,,2011,6,13,"{'type': 'Point', 'coordinates': [-77.97908278, 2.449548194]}",52696,SANTA BARBARA,NARIÑO,ANDEN PACIFICO SUR,GUERRILLA,FARC,1.0,1,0,0,0,0,,,,,"{'type': 'Point', 'coordinates': [-77.97908278, 2.449548194]}",2.449548194,-77.97908278,2011-6-13,194,AT
195,,2011,6,13,"{'type': 'Point', 'coordinates': [-78.109849, 2.477550593]}",52250,EL CHARCO,NARIÑO,ANDEN PACIFICO SUR,GUERRILLA,FARC,0.0,1,0,0,0,0,,,,,"{'type': 'Point', 'coordinates': [-78.109849, 2.477550593]}",2.477550593,-78.109849,2011-6-13,195,AT
196,,2011,6,18,"{'type': 'Point', 'coordinates': [-76.57406468, 2.482503391]}",19001,POPAYAN,CAUCA,MACIZO COLOMBIANO,GUERRILLA,ELN,1.0,1,0,0,0,0,,,,,"{'type': 'Point', 'coordinates': [-76.57406468, 2.482503391]}",2.482503391,-76.57406468,2011-6-18,196,AT
197,,2011,9,25,"{'type': 'Point', 'coordinates': [-76.51863329, 2.785615005]}",19137,CALDONO,CAUCA,NORTE DEL CAUCA,GUERRILLA,FARC,0.0,1,0,0,0,0,,,,,"{'type': 'Point', 'coordinates': [-76.51863329, 2.785615005]}",2.785615005,-76.51863329,2011-9-25,197,AT
198,,2011,10,25,"{'type': 'Point', 'coordinates': [-78.76385415, 1.80711725]}",52835,SAN ANDRES DE TUMACO,NARIÑO,ANDEN PACIFICO SUR,GRUPO ARMADO NO IDENTIFICADO,NO APLICA,0.0,0,0,0,0,0,,,,,"{'type': 'Point', 'coordinates': [-78.76385415, 1.80711725]}",1.80711725,-78.76385415,2011-10-25,198,AT
199,,2012,6,4,"{'type': 'Point', 'coordinates': [-78.109849, 2.477550593]}",52250,EL CHARCO,NARIÑO,ANDEN PACIFICO SUR,GRUPO ARMADO NO IDENTIFICADO,PRESENCIA GAO SIN ATRIBUCIÓN,0.0,0,0,0,0,0,,,,,"{'type': 'Point', 'coordinates': [-78.109849, 2.477550593]}",2.477550593,-78.109849,2012-6-4,199,AT
200,,2012,6,18,"{'type': 'Point', 'coordinates': [-77.0117402, 3.875802437]}",76109,BUENAVENTURA,VALLE DEL CAUCA,ANDEN PACIFICO SUR,GUERRILLA,FARC,0.0,1,0,0,0,0,,,,,"{'type': 'Point', 'coordinates': [-77.0117402, 3.875802437]}",3.875802437,-77.0117402,2012-6-18,200,AT
201,,2012,6,27,"{'type': 'Point', 'coordinates': [-72.24190502, 11.37832678]}",44430,MAICAO,LA GUAJIRA,ALTA GUAJIRA,GRUPO POSDESMOVILIZACIÓN,NO IDENTIFICADO,0.0,0,0,1,0,0,,,,,"{'type': 'Point', 'coordinates': [-72.24190502, 11.37832678]}",11.37832678,-72.24190502,2012-6-27,201,AT
202,,2012,10,14,"{'type': 'Point', 'coordinates': [-71.75861086, 6.449379486]}",81794,TAME,ARAUCA,SARARE,GUERRILLA,FARC,2.0,1,0,0,0,0,,,,,"{'type': 'Point', 'coordinates': [-71.75861086, 6.449379486]}",6.449379486,-71.75861086,2012-10-14,202,AT
203,,2012,10,31,"{'type': 'Point', 'coordinates': [-76.24182023, 3.419827409]}",76563,PRADERA,VALLE DEL CAUCA,SUR DEL VALLE,GUERRILLA,FARC,2.0,1,0,0,0,0,,,,,"{'type': 'Point', 'coordinates': [-76.24182023, 3.419827409]}",3.419827409,-76.24182023,2012-10-31,203,AT
204,,2013,3,11,"{'type': 'Point', 'coordinates': [-76.68423879, 2.349976425]}",19807,TIMBIO,CAUCA,MACIZO COLOMBIANO,DESCONOCIDO,NO APLICA,0.0,0,0,0,0,0,,,,,"{'type': 'Point', 'coordinates': [-76.68423879, 2.349976425]}",2.349976425,-76.68423879,2013-3-11,204,AT
205,,2013,3,14,"{'type': 'Point', 'coordinates': [-77.24945028, 2.256754909]}",19050,ARGELIA,CAUCA,PATIA,GUERRILLA,FARC,0.0,1,0,0,0,0,,,,,"{'type': 'Point', 'coordinates': [-77.24945028, 2.256754909]}",2.256754909,-77.24945028,2013-3-14,205,AT
206,,2013,12,7,"{'type': 'Point', 'coordinates': [-76.06350272, 2.549182984]}",19355,INZA,CAUCA,NORTE DEL CAUCA,GUERRILLA,FARC,8.0,1,0,0,0,0,,,,,"{'type': 'Point', 'coordinates': [-76.06350272, 2.549182984]}",2.549182984,-76.06350272,2013-12-7,206,AT
207,,2014,1,16,"{'type': 'Point', 'coordinates': [-76.24182023, 3.419827409]}",76563,PRADERA,VALLE DEL CAUCA,SUR DEL VALLE,GUERRILLA,FARC,1.0,1,0,0,0,0,,,,,"{'type': 'Point', 'coordinates': [-76.24182023, 3.419827409]}",3.419827409,-76.24182023,2014-1-16,207,AT
208,,2014,7,30,"{'type': 'Point', 'coordinates': [-76.22886987, 3.253095405]}",19455,MIRANDA,CAUCA,NORTE DEL CAUCA,GUERRILLA,FARC,1.0,1,0,0,0,0,,,,,"{'type': 'Point', 'coordinates': [-76.22886987, 3.253095405]}",3.253095405,-76.22886987,2014-7-30,208,AT
209,,2015,6,14,"{'type': 'Point', 'coordinates': [-77.0117402, 3.875802437]}",76109,BUENAVENTURA,VALLE DEL CAUCA,ANDEN PACIFICO SUR,DESCONOCIDO,NO APLICA,0.0,0,0,0,0,0,,,,,"{'type': 'Point', 'coordinates': [-77.0117402, 3.875802437]}",3.875802437,-77.0117402,2015-6-14,209,AT
210,,2015,6,16,"{'type': 'Point', 'coordinates': [-78.13989493, 1.670345194]}",52079,BARBACOAS,NARIÑO,ANDEN PACIFICO SUR,DESCONOCIDO,NO APLICA,0.0,0,0,0,0,0,,,,,"{'type': 'Point', 'coordinates': [-78.13989493, 1.670345194]}",1.670345194,-78.13989493,2015-6-16,210,AT
211,,2015,7,10,"{'type': 'Point', 'coordinates': [-77.24945028, 2.256754909]}",19050,ARGELIA,CAUCA,PATIA,GUERRILLA,FARC,0.0,1,0,0,0,0,,,,,"{'type': 'Point', 'coordinates': [-77.24945028, 2.256754909]}",2.256754909,-77.24945028,2015-7-10,211,AT
212,,2017,6,17,"{'type': 'Point', 'coordinates': [-74.107359, 4.65017303]}",11001,"BOGOTA, D.C.","BOGOTA, D. C.",AREA METROPOLITANA DE BOGOTA,GUERRILLA,OTRA,3.0,1,0,0,0,0,,,,,"{'type': 'Point', 'coordinates': [-74.107359, 4.65017303]}",4.65017303,-74.107359,2017-6-17,212,AT
213,,2018,7,19,"{'type': 'Point', 'coordinates': [-71.59795501, 6.84134566]}",81065,ARAUQUITA,ARAUCA,SARARE,GRUPO ARMADO NO IDENTIFICADO,PRESENCIA GAO SIN ATRIBUCIÓN,4.0,0,0,0,0,0,,,,,"{'type': 'Point', 'coordinates': [-71.59795501, 6.84134566]}",6.84134566,-71.59795501,2018-7-19,213,AT
214,,2019,1,17,"{'type': 'Point', 'coordinates': [-74.107359, 4.65017303]}",11001,"BOGOTA, D.C.","BOGOTA, D. C.",AREA METROPOLITANA DE BOGOTA,GUERRILLA,ELN,20.0,1,0,0,0,0,,,,,"{'type': 'Point', 'coordinates': [-74.107359, 4.65017303]}",4.65017303,-74.107359,2019-1-17,214,AT
215,,2021,3,26,"{'type': 'Point', 'coordinates': [-76.26131419, 3.173815457]}",19212,CORINTO,CAUCA,NORTE DEL CAUCA,GUERRILLA,DISIDENCIA FARC,0.0,1,0,0,0,0,,,,,"{'type': 'Point', 'coordinates': [-76.26131419, 3.173815457]}",3.173815457,-76.26131419,2021-3-26,215,AT
216,,2021,6,25,"{'type': 'Point', 'coordinates': [-72.5082562, 7.905306295]}",54001,CUCUTA,NORTE DE SANTANDER,AREA METROPOLITANA DE CUCUTA,GUERRILLA,DISIDENCIA FARC,0.0,1,0,0,0,0,,,,,"{'type': 'Point', 'coordinates': [-72.5082562, 7.905306295]}",7.905306295,-72.5082562,2021-6-25,216,AT
217,,2022,4,19,"{'type': 'Point', 'coordinates': [-77.21574486, 2.384480734]}",19050,ARGELIA,CAUCA,PATIA,GRUPO ARMADO NO IDENTIFICADO,PRESENCIA GAO SIN ATRIBUCIÓN,0.0,0,0,0,0,0,,,,,"{'type': 'Point', 'coordinates': [-77.21574486, 2.384480734]}",2.384480734,-77.21574486,2022-4-19,217,AT
