,id_caso,id_caso_relacionado,a_o,mes,d_a,c_digo_dane_de_municipio,municipio,departamento,regi_n,modalidad,presunto_responsable,descripci_n_presunto,abandono_o_despojo_forzado,amenaza_o_intimidaci_n,ataque_contra_misi_n_m_dica,confinamiento_o_restricci,desplazamiento_forzado,extorsi_n,lesionados_civiles,pillaje,tortura,total_combatientes,total_civiles,total_de_v_ctimas_del_caso,tipo_de_armas,latitud_longitud,otro_hecho_simult_neo
0,185266,CR004878,1977,1,1,11001,"BOGOTA, D.C.","BOGOTA, D. C.",AREA METROPOLITANA DE BOGOTA,ATAQUE A OBJETIVO CIVIL CON EFECTO INDISCRIMINADO,GUERRILLA,M19,0.0,0.0,0.0,0.0,0.0,0.0,0.0,0.0,0.0,0.0,0.0,0.0,ARTEFACTO EXPLOSIVO,"{'type': 'Point', 'coordinates': [-74.1073590032, 4.6501730303]}",
1,185267,,1978,8,13,18001,FLORENCIA,CAQUETA,FLORENCIA Y AREA DE INFLUENCIA,ATAQUE A OBJETIVO CIVIL CON EFECTO INDISCRIMINADO,GUERRILLA,M19,0,0,0,0,0,0,0,0,0,0,0,0,ARTEFACTO EXPLOSIVO,"{'type': 'Point', 'coordinates': [-75.60856043, 1.61792293]}",
2,185268,CR012154,1982,8,1,76001,CALI,VALLE DEL CAUCA,SUR DEL VALLE,ATAQUE A OBJETIVO MILITAR CON EFECTO INDISCRIMINADO,GUERRILLA,M19,0,0,0,0,0,0,6,0,0,0,0,0,ARTEFACTO EXPLOSIVO,"{'type': 'Point', 'coordinates': [-76.52156515, 3.414414305]}",
3,185269,,1991,6,1,17001,MANIZALES,CALDAS,EJE CAFETERO,ATAQUE A OBJETIVO CIVIL CON EFECTO INDISCRIMINADO,GUERRILLA,EPL,0,1,0,0,0,0,0,0,0,0,4,4,ARTEFACTO EXPLOSIVO,"{'type': 'Point', 'coordinates': [-75.49104898, 5.057688197]}",
4,185271,CR005155,1989,11,27,25754,SOACHA,CUNDINAMARCA,AREA METROPOLITANA DE BOGOTA,ATAQUE A OBJETIVO CIVIL CON EFECTO INDISCRIMINADO,GRUPO PARAMILITAR,NO IDENTIFICADO,0,0,0,0,0,0,0,0,0,0,107,107,ARTEFACTO EXPLOSIVO,"{'type': 'Point', 'coordinates': [-74.21452753, 4.585491658]}",
5,185272,CR005159,1998,12,12,68001,BUCARAMANGA,SANTANDER,PROVINCIA DE SOTO,ATAQUE A OBJETIVO CIVIL CON EFECTO INDISCRIMINADO,GUERRILLA,DISIDENCIA EPL,0,0,0,0,0,0,0,0,0,0,0,0,ARTEFACTO EXPLOSIVO,"{'type': 'Point', 'coordinates': [-73.13259818, 7.116267276]}",
6,185273,CR018882,1976,2,3,11001,"BOGOTA, D.C.","BOGOTA, D. C.",AREA METROPOLITANA DE BOGOTA,ATAQUE A OBJETIVO CIVIL CON EFECTO INDISCRIMINADO,GUERRILLA,EPL,0,0,0,0,0,0,0,0,0,0,0,0,ARTEFACTO EXPLOSIVO,"{'type': 'Point', 'coordinates': [-74.107359, 4.65017303]}",
7,185274,CR005127,1978,2,12,11001,"BOGOTA, D.C.","BOGOTA, D. C.",AREA METROPOLITANA DE BOGOTA,ATAQUE A OBJETIVO CIVIL CON EFECTO INDISCRIMINADO,GUERRILLA,EPL,0,0,0,0,0,0,0,0,0,0,0,0,ARTEFACTO EXPLOSIVO,"{'type': 'Point', 'coordinates': [-74.107359, 4.65017303]}",
8,185275,CR000012,1978,2,17,11001,"BOGOTA, D.C.","BOGOTA, D. C.",AREA METROPOLITANA DE BOGOTA,ATAQUE A OBJETIVO CIVIL CON EFECTO INDISCRIMINADO,GUERRILLA,EPL,0,0,0,0,0,0,0,0,0,0,0,0,ARTEFACTO EXPLOSIVO,"{'type': 'Point', 'coordinates': [-74.107359, 4.65017303]}",
9,185276,CR005128,1978,5,29,68001,BUCARAMANGA,SANTANDER,PROVINCIA DE SOTO,ATAQUE A OBJETIVO CIVIL CON EFECTO INDISCRIMINADO,DESCONOCIDO,NO APLICA,0,0,0,0,0,0,0,0,0,0,0,0,ARTEFACTO EXPLOSIVO,"{'type': 'Point', 'coordinates': [-73.13259818, 7.116267276]}",2 CAPTURADOS
10,185277,CR018904,1978,6,18,19001,POPAYAN,CAUCA,MACIZO COLOMBIANO,ATAQUE A OBJETIVO CIVIL CON EFECTO INDISCRIMINADO,OTRO ¿CUÁL?,NO APLICA,0,0,0,0,0,0,1,0,0,1,0,1,ARTEFACTO EXPLOSIVO,"{'type': 'Point', 'coordinates': [-76.57406468, 2.482503391]}",5-CAPTURADOS
11,185278,CR005130,1978,8,16,23555,PLANETA RICA,CORDOBA,ALTO SINU Y SAN JORGE,ATAQUE A OBJETIVO CIVIL CON EFECTO INDISCRIMINADO,DESCONOCIDO,NO APLICA,0,0,0,0,0,0,50,0,0,0,1,1,ARTEFACTO EXPLOSIVO,"{'type': 'Point', 'coordinates': [-75.58324299, 8.408202562]}",
12,185279,,1979,5,1,11001,"BOGOTA, D.C.","BOGOTA, D. C.",AREA METROPOLITANA DE BOGOTA,ATAQUE A OBJETIVO CIVIL CON EFECTO INDISCRIMINADO,GUERRILLA,ELN,0,0,0,0,0,0,0,0,0,0,0,0,ARTEFACTO EXPLOSIVO,"{'type': 'Point', 'coordinates': [-74.107359, 4.65017303]}",
13,185280,,1979,6,1,76001,CALI,VALLE DEL CAUCA,SUR DEL VALLE,ATAQUE A OBJETIVO CIVIL CON EFECTO INDISCRIMINADO,GUERRILLA,EPL,0,0,0,0,0,0,0,0,0,0,0,0,ARTEFACTO EXPLOSIVO,"{'type': 'Point', 'coordinates': [-76.52156515, 3.414414305]}",
14,185281,CR005142,1981,7,31,76041,ANSERMANUEVO,VALLE DEL CAUCA,NORTE DEL VALLE,ATAQUE A OBJETIVO CIVIL CON EFECTO INDISCRIMINADO,DESCONOCIDO,NO APLICA,0,0,0,0,0,0,14,0,0,0,4,4,ARTEFACTO EXPLOSIVO,"{'type': 'Point', 'coordinates': [-75.99198067, 4.794922714]}",
15,185282,,1981,10,7,11001,"BOGOTA, D.C.","BOGOTA, D. C.",AREA METROPOLITANA DE BOGOTA,ATAQUE A OBJETIVO CIVIL CON EFECTO INDISCRIMINADO,GUERRILLA,ELN,0,0,0,0,0,0,1,0,0,0,1,1,ARTEFACTO EXPLOSIVO,"{'type': 'Point', 'coordinates': [-74.107359, 4.65017303]}",
16,185283,,1984,4,22,11001,"BOGOTA, D.C.","BOGOTA, D. C.",AREA METROPOLITANA DE BOGOTA,ATAQUE A OBJETIVO CIVIL CON EFECTO INDISCRIMINADO,GUERRILLA,FARC,0,0,0,0,0,0,9,0,0,0,0,0,ARTEFACTO EXPLOSIVO,"{'type': 'Point', 'coordinates': [-74.107359, 4.65017303]}",
17,185284,CR005138,1985,5,1,66170,DOSQUEBRADAS,RISARALDA,EJE CAFETERO,ATAQUE A OBJETIVO CIVIL CON EFECTO INDISCRIMINADO,GUERRILLA,OTRA DISIDENCIA,0,0,0,0,0,0,10,0,0,0,4,4,ARTEFACTO EXPLOSIVO,"{'type': 'Point', 'coordinates': [-75.68246912, 4.827187832]}",
18,185285,,1985,5,23,5001,MEDELLIN,ANTIOQUIA,VALLE DE ABURRA,ATAQUE A OBJETIVO CIVIL CON EFECTO INDISCRIMINADO,GUERRILLA,ELN,0,0,0,0,0,0,0,0,0,0,0,0,ARTEFACTO EXPLOSIVO,"{'type': 'Point', 'coordinates': [-75.58171333, 6.246715564]}",
19,185286,CR004962,1985,9,25,5001,MEDELLIN,ANTIOQUIA,VALLE DE ABURRA,ATAQUE A OBJETIVO CIVIL CON EFECTO INDISCRIMINADO,DESCONOCIDO,NO APLICA,0,0,0,0,0,0,8,0,0,0,0,0,ARTEFACTO EXPLOSIVO,"{'type': 'Point', 'coordinates': [-75.58171333, 6.246715564]}",
20,185287,CR005117,1987,1,13,8001,BARRANQUILLA,ATLANTICO,NORTE DE ATLANTICO,ATAQUE A OBJETIVO CIVIL CON EFECTO INDISCRIMINADO,GUERRILLA,COORDINADORA NACIONAL GUERRILLERA,0,0,0,0,0,0,25,1,0,2,11,13,ARTEFACTO EXPLOSIVO,"{'type': 'Point', 'coordinates': [-74.79525905, 10.97592682]}",
21,185288,CR005147,1987,9,23,11001,"BOGOTA, D.C.","BOGOTA, D. C.",AREA METROPOLITANA DE BOGOTA,ATAQUE A OBJETIVO CIVIL CON EFECTO INDISCRIMINADO,DESCONOCIDO,NO APLICA,0,0,0,0,0,0,8,0,0,0,1,1,ARTEFACTO EXPLOSIVO,"{'type': 'Point', 'coordinates': [-74.107359, 4.65017303]}",
22,185289,,1989,10,16,68001,BUCARAMANGA,SANTANDER,PROVINCIA DE SOTO,ATAQUE A OBJETIVO CIVIL CON EFECTO INDISCRIMINADO,GUERRILLA,NO IDENTIFICADA,0,0,0,0,0,0,0,0,0,0,3,3,ARTEFACTO EXPLOSIVO,"{'type': 'Point', 'coordinates': [-73.13259818, 7.116267276]}",
23,185290,CR005171,1989,12,6,11001,"BOGOTA, D.C.","BOGOTA, D. C.",AREA METROPOLITANA DE BOGOTA,ATAQUE A OBJETIVO CIVIL CON EFECTO INDISCRIMINADO,OTRO ¿CUÁL?,NO APLICA,0,0,0,0,0,0,600,0,0,0,63,63,ARTEFACTO EXPLOSIVO,"{'type': 'Point', 'coordinates': [-74.107359, 4.65017303]}",
24,185291,,1990,6,28,5001,MEDELLIN,ANTIOQUIA,VALLE DE ABURRA,ATAQUE A OBJETIVO CIVIL CON EFECTO INDISCRIMINADO,GRUPO ARMADO NO IDENTIFICADO,NO APLICA,0,0,0,0,0,0,1,0,0,0,14,14,ARTEFACTO EXPLOSIVO,"{'type': 'Point', 'coordinates': [-75.58171333, 6.246715564]}",
25,185292,CR005163,1992,3,27,11001,"BOGOTA, D.C.","BOGOTA, D. C.",AREA METROPOLITANA DE BOGOTA,ATAQUE A OBJETIVO CIVIL CON EFECTO INDISCRIMINADO,GUERRILLA,ELN,0,0,0,0,0,0,0,0,0,0,1,1,ARTEFACTO EXPLOSIVO,"{'type': 'Point', 'coordinates': [-74.107359, 4.65017303]}",
26,185293,CR020249,1992,4,1,76001,CALI,VALLE DEL CAUCA,SUR DEL VALLE,ATAQUE A OBJETIVO CIVIL CON EFECTO INDISCRIMINADO,GUERRILLA,FARC,0,0,0,0,0,0,6,0,0,3,0,3,ARTEFACTO EXPLOSIVO,"{'type': 'Point', 'coordinates': [-76.52156515, 3.414414305]}",
27,185294,CR048156,1992,9,1,5001,MEDELLIN,ANTIOQUIA,VALLE DE ABURRA,ATAQUE A OBJETIVO CIVIL CON EFECTO INDISCRIMINADO,DESCONOCIDO,NO APLICA,0,0,0,0,0,0,8,0,0,0,9,9,ARTEFACTO EXPLOSIVO,"{'type': 'Point', 'coordinates': [-75.58171333, 6.246715564]}",
28,185295,CR005158,1992,12,11,11001,"BOGOTA, D.C.","BOGOTA, D. C.",AREA METROPOLITANA DE BOGOTA,ATAQUE A OBJETIVO CIVIL CON EFECTO INDISCRIMINADO,GUERRILLA,ELN,0,0,0,0,0,0,9,0,0,0,0,0,ARTEFACTO EXPLOSIVO,"{'type': 'Point', 'coordinates': [-74.107359, 4.65017303]}",
29,185296,,1993,2,10,68081,BARRANCABERMEJA,SANTANDER,MAGDALENA MEDIO,ATAQUE A OBJETIVO CIVIL CON EFECTO INDISCRIMINADO,GUERRILLA,NO IDENTIFICADA,0,0,0,0,0,0,0,0,0,0,16,16,ARTEFACTO EXPLOSIVO,"{'type': 'Point', 'coordinates': [-73.84995698, 7.064963864]}",
30,185297,,1995,6,10,5001,MEDELLIN,ANTIOQUIA,VALLE DE ABURRA,ATAQUE A OBJETIVO CIVIL CON EFECTO INDISCRIMINADO,GUERRILLA,FARC,0,0,0,0,0,0,99,0,0,0,23,23,ARTEFACTO EXPLOSIVO,"{'type': 'Point', 'coordinates': [-75.58171333, 6.246715564]}",
31,185299,CR018229,1995,7,9,11001,"BOGOTA, D.C.","BOGOTA, D. C.",AREA METROPOLITANA DE BOGOTA,ATAQUE A OBJETIVO CIVIL CON EFECTO INDISCRIMINADO,GUERRILLA,FARC,0,0,0,0,0,0,4,0,0,0,0,0,ARTEFACTO EXPLOSIVO,"{'type': 'Point', 'coordinates': [-74.107359, 4.65017303]}",
32,185300,CR005095,1995,10,17,11001,"BOGOTA, D.C.","BOGOTA, D. C.",AREA METROPOLITANA DE BOGOTA,ATAQUE A OBJETIVO CIVIL CON EFECTO INDISCRIMINADO,GRUPO ARMADO NO IDENTIFICADO,NO APLICA,0,0,0,0,0,0,12,0,0,0,2,2,ARTEFACTO EXPLOSIVO,"{'type': 'Point', 'coordinates': [-74.107359, 4.65017303]}",
33,185301,CR005112,1996,10,4,5001,MEDELLIN,ANTIOQUIA,VALLE DE ABURRA,ATAQUE A OBJETIVO CIVIL CON EFECTO INDISCRIMINADO,GUERRILLA,ELN,0,0,0,0,0,0,4,0,0,0,1,1,ARTEFACTO EXPLOSIVO,"{'type': 'Point', 'coordinates': [-75.58171333, 6.246715564]}",
34,185302,CR023021,1996,10,21,23001,MONTERIA,CORDOBA,ALTO SINU Y SAN JORGE,ATAQUE A OBJETIVO CIVIL CON EFECTO INDISCRIMINADO,GUERRILLA,FARC,0,0,0,0,0,0,11,0,0,0,0,0,ARTEFACTO EXPLOSIVO,"{'type': 'Point', 'coordinates': [-75.87557791, 8.745132591]}",7-POLICÍAS HERIDOS
35,185303,CR005116,1996,12,16,5001,MEDELLIN,ANTIOQUIA,VALLE DE ABURRA,ATAQUE A OBJETIVO CIVIL CON EFECTO INDISCRIMINADO,GRUPO ARMADO NO IDENTIFICADO,NO APLICA,0,0,0,0,0,0,48,0,0,0,1,1,ARTEFACTO EXPLOSIVO,"{'type': 'Point', 'coordinates': [-75.58171333, 6.246715564]}",
36,185304,CR005103,1996,12,17,23001,MONTERIA,CORDOBA,ALTO SINU Y SAN JORGE,ATAQUE A OBJETIVO CIVIL CON EFECTO INDISCRIMINADO,GUERRILLA,FARC,0,0,0,0,0,0,36,0,0,0,4,4,ARTEFACTO EXPLOSIVO,"{'type': 'Point', 'coordinates': [-75.87557791, 8.745132591]}",
37,185305,CR023019,1997,3,10,23001,MONTERIA,CORDOBA,ALTO SINU Y SAN JORGE,ATAQUE A OBJETIVO CIVIL CON EFECTO INDISCRIMINADO,GUERRILLA,NO IDENTIFICADA,0,0,0,0,0,0,22,0,0,0,0,0,ARTEFACTO EXPLOSIVO,"{'type': 'Point', 'coordinates': [-75.87557791, 8.745132591]}",
38,185306,CR005135,1997,3,17,54001,CUCUTA,NORTE DE SANTANDER,AREA METROPOLITANA DE CUCUTA,ATAQUE A OBJETIVO CIVIL CON EFECTO INDISCRIMINADO,GUERRILLA,ELN,0,0,0,0,0,0,4,0,0,0,1,1,ARTEFACTO EXPLOSIVO,"{'type': 'Point', 'coordinates': [-72.5082562, 7.905306295]}",
39,185307,CR005105,1997,6,24,5001,MEDELLIN,ANTIOQUIA,VALLE DE ABURRA,ATAQUE A OBJETIVO CIVIL CON EFECTO INDISCRIMINADO,GUERRILLA,FARC,0,0,0,0,0,0,11,0,0,0,0,0,ARTEFACTO EXPLOSIVO,"{'type': 'Point', 'coordinates': [-75.58171333, 6.246715564]}",
40,185308,CR036067,1997,7,27,5040,ANORI,ANTIOQUIA,NORDESTE ANTIOQUEÑO,ATAQUE A OBJETIVO CIVIL CON EFECTO INDISCRIMINADO,GUERRILLA,NO IDENTIFICADA,0,0,0,0,0,0,0,0,0,0,20,20,ARTEFACTO EXPLOSIVO,"{'type': 'Point', 'coordinates': [-75.14834842, 7.074707669]}",
41,185309,CR005177,1998,2,6,25878,VIOTA,CUNDINAMARCA,SUROCCIDENTE DE CUNDINAMARCA,ATAQUE A OBJETIVO MILITAR CON EFECTO INDISCRIMINADO,GUERRILLA,NO IDENTIFICADA,0,0,0,0,0,0,8,0,0,0,1,1,ARTEFACTO EXPLOSIVO,"{'type': 'Point', 'coordinates': [-74.52316032, 4.439355814]}",
42,185310,,1998,2,6,25878,VIOTA,CUNDINAMARCA,SUROCCIDENTE DE CUNDINAMARCA,ATAQUE A OBJETIVO MILITAR CON EFECTO INDISCRIMINADO,GUERRILLA,FARC,0,0,0,0,0,0,10,0,0,0,1,1,ARTEFACTO EXPLOSIVO,"{'type': 'Point', 'coordinates': [-74.52316032, 4.439355814]}",
43,185311,CR018872,1998,2,12,5001,MEDELLIN,ANTIOQUIA,VALLE DE ABURRA,ATAQUE A OBJETIVO CIVIL CON EFECTO INDISCRIMINADO,GUERRILLA,ELN,0,0,0,0,0,0,5,0,0,0,4,4,ARTEFACTO EXPLOSIVO,"{'type': 'Point', 'coordinates': [-75.58171333, 6.246715564]}",
44,185312,CR018236,1998,4,29,44001,RIOHACHA,LA GUAJIRA,SIERRA NEVADA DE SANTA MARTA,ATAQUE A OBJETIVO MILITAR CON EFECTO INDISCRIMINADO,DESCONOCIDO,NO APLICA,0,0,0,0,0,0,6,0,0,0,1,1,ARTEFACTO EXPLOSIVO,"{'type': 'Point', 'coordinates': [-72.91148891, 11.52875138]}",
45,185313,,1998,9,18,70713,SAN ONOFRE,SUCRE,MONTES DE MARIA,ATAQUE A OBJETIVO CIVIL CON EFECTO INDISCRIMINADO,GRUPO PARAMILITAR,AUTODEFENSAS UNIDAS DE COLOMBIA AUC,0,0,0,0,0,0,0,0,0,0,4,4,ARTEFACTO EXPLOSIVO,"{'type': 'Point', 'coordinates': [-75.5230307, 9.736932014]}",
46,185314,CR005123,1999,2,21,11001,"BOGOTA, D.C.","BOGOTA, D. C.",AREA METROPOLITANA DE BOGOTA,ATAQUE A OBJETIVO CIVIL CON EFECTO INDISCRIMINADO,DESCONOCIDO,NO APLICA,0,0,0,0,0,0,9,0,0,0,0,0,ARTEFACTO EXPLOSIVO,"{'type': 'Point', 'coordinates': [-74.107359, 4.65017303]}",
47,185315,CR023015,1999,7,30,5001,MEDELLIN,ANTIOQUIA,VALLE DE ABURRA,ATAQUE A OBJETIVO MILITAR CON EFECTO INDISCRIMINADO,GUERRILLA,ELN,0,0,0,0,0,0,28,0,0,2,7,9,ARTEFACTO EXPLOSIVO,"{'type': 'Point', 'coordinates': [-75.58171333, 6.246715564]}",
48,185316,CR005111,1999,8,27,23001,MONTERIA,CORDOBA,ALTO SINU Y SAN JORGE,ATAQUE A OBJETIVO CIVIL CON EFECTO INDISCRIMINADO,GUERRILLA,FARC,0,0,0,0,0,0,11,0,0,0,0,0,ARTEFACTO EXPLOSIVO,"{'type': 'Point', 'coordinates': [-75.87557791, 8.745132591]}",
49,185317,CR005160,1999,12,6,5001,MEDELLIN,ANTIOQUIA,VALLE DE ABURRA,ATAQUE A OBJETIVO CIVIL CON EFECTO INDISCRIMINADO,GUERRILLA,ELN,0,0,0,0,0,0,1,0,0,0,0,0,ARTEFACTO EXPLOSIVO,"{'type': 'Point', 'coordinates': [-75.58171333, 6.246715564]}",
50,185318,CR046007,1999,12,17,86865,VALLE DEL GUAMUEZ,PUTUMAYO,BAJO PUTUMAYO,ATAQUE A OBJETIVO CIVIL CON EFECTO INDISCRIMINADO,GUERRILLA,FARC,0,0,0,0,0,0,24,0,0,0,6,6,ARTEFACTO EXPLOSIVO,"{'type': 'Point', 'coordinates': [-76.9059688, 0.4239040926]}",
51,185347,CR005143,2002,7,24,25662,SAN JUAN DE RIOSECO,CUNDINAMARCA,ALTIPLANO CUNDIBOYACENSE,ATAQUE A OBJETIVO CIVIL CON EFECTO INDISCRIMINADO,GUERRILLA,FARC,0,0,0,0,0,0,5,0,0,3,0,3,ARTEFACTO EXPLOSIVO,"{'type': 'Point', 'coordinates': [-74.62191472, 4.847575999]}",
52,185319,CR005131,1999,12,24,11001,"BOGOTA, D.C.","BOGOTA, D. C.",AREA METROPOLITANA DE BOGOTA,ATAQUE A OBJETIVO CIVIL CON EFECTO INDISCRIMINADO,OTRO ¿CUÁL?,NO APLICA,0,0,0,0,0,0,2,0,0,0,0,0,ARTEFACTO EXPLOSIVO,"{'type': 'Point', 'coordinates': [-74.107359, 4.65017303]}",
53,185320,CR018871,2000,1,18,11001,"BOGOTA, D.C.","BOGOTA, D. C.",AREA METROPOLITANA DE BOGOTA,ATAQUE A OBJETIVO CIVIL CON EFECTO INDISCRIMINADO,GUERRILLA,FARC,0,0,0,0,0,0,8,0,0,0,1,1,ARTEFACTO EXPLOSIVO,"{'type': 'Point', 'coordinates': [-74.107359, 4.65017303]}",
54,185321,CR005022,2000,3,26,25307,GIRARDOT,CUNDINAMARCA,SUROCCIDENTE DE CUNDINAMARCA,ATAQUE A OBJETIVO MILITAR CON EFECTO INDISCRIMINADO,GRUPO ARMADO NO IDENTIFICADO,NO APLICA,0,0,0,0,0,0,23,0,0,1,0,1,ARTEFACTO EXPLOSIVO,"{'type': 'Point', 'coordinates': [-74.79779459, 4.313078337]}",
55,185322,CR005023,2000,3,30,25123,CACHIPAY,CUNDINAMARCA,ALTIPLANO CUNDIBOYACENSE,ATAQUE A OBJETIVO MILITAR CON EFECTO INDISCRIMINADO,GUERRILLA,FARC,0,0,0,0,0,0,13,0,0,0,3,3,ARTEFACTO EXPLOSIVO,"{'type': 'Point', 'coordinates': [-74.4357071, 4.730954629]}",
56,185323,CR018971,2000,3,31,25123,CACHIPAY,CUNDINAMARCA,ALTIPLANO CUNDIBOYACENSE,ATAQUE A OBJETIVO CIVIL CON EFECTO INDISCRIMINADO,GUERRILLA,FARC,0,1,0,0,0,1,19,0,0,0,3,3,ARTEFACTO EXPLOSIVO,"{'type': 'Point', 'coordinates': [-74.4357071, 4.730954629]}",CAPTURA DE GUERRILLERO
57,185324,CR005148,2000,10,2,68081,BARRANCABERMEJA,SANTANDER,MAGDALENA MEDIO,ATAQUE A OBJETIVO CIVIL CON EFECTO INDISCRIMINADO,GUERRILLA,ELN,0,0,0,0,0,0,9,0,0,0,2,2,ARTEFACTO EXPLOSIVO,"{'type': 'Point', 'coordinates': [-73.84995698, 7.064963864]}",
58,185325,,2000,11,5,76001,CALI,VALLE DEL CAUCA,SUR DEL VALLE,ATAQUE A OBJETIVO MILITAR CON EFECTO INDISCRIMINADO,GUERRILLA,ELN,0,0,0,0,0,0,6,0,0,0,1,1,ARTEFACTO EXPLOSIVO,"{'type': 'Point', 'coordinates': [-76.52156515, 3.414414305]}",
59,185326,CR005156,2000,11,18,86568,PUERTO ASIS,PUTUMAYO,BAJO PUTUMAYO,ATAQUE A OBJETIVO CIVIL CON EFECTO INDISCRIMINADO,GUERRILLA,FARC,0,0,0,0,0,0,12,0,0,0,1,2,ARTEFACTO EXPLOSIVO,"{'type': 'Point', 'coordinates': [-76.49727285, 0.5050467219]}",
60,185328,CR005161,2000,12,6,5313,GRANADA,ANTIOQUIA,ORIENTE ANTIOQUEÑO,ATAQUE A OBJETIVO MILITAR CON EFECTO INDISCRIMINADO,GUERRILLA,FARC,0,1,0,0,0,0,25,0,0,0,22,22,ARTEFACTO EXPLOSIVO,"{'type': 'Point', 'coordinates': [-75.18444508, 6.142896667]}",
61,185329,CR005146,2001,8,9,5652,SAN FRANCISCO,ANTIOQUIA,ORIENTE ANTIOQUEÑO,ATAQUE A OBJETIVO MILITAR CON EFECTO INDISCRIMINADO,GUERRILLA,ELN,0,0,0,0,0,0,36,0,0,0,3,3,ARTEFACTO EXPLOSIVO,"{'type': 'Point', 'coordinates': [-75.10268697, 5.964079131]}",
62,185330,CR005145,2001,8,23,5440,MARINILLA,ANTIOQUIA,ORIENTE ANTIOQUEÑO,ATAQUE A OBJETIVO CIVIL CON EFECTO INDISCRIMINADO,GUERRILLA,ELN,0,0,0,0,0,0,26,0,0,0,1,1,ARTEFACTO EXPLOSIVO,"{'type': 'Point', 'coordinates': [-75.33947788, 6.172269255]}",
63,185331,CR041132,2001,10,7,5667,SAN RAFAEL,ANTIOQUIA,ORIENTE ANTIOQUEÑO,ATAQUE A OBJETIVO CIVIL CON EFECTO INDISCRIMINADO,GUERRILLA,FARC,0,0,0,0,0,0,8,0,0,0,3,3,ARTEFACTO EXPLOSIVO,"{'type': 'Point', 'coordinates': [-75.02798382, 6.293754876]}",
64,185332,CR005149,2001,10,21,5541,PENOL,ANTIOQUIA,ORIENTE ANTIOQUEÑO,ATAQUE A OBJETIVO CIVIL CON EFECTO INDISCRIMINADO,GUERRILLA,ELN,0,0,0,0,0,0,1,0,0,1,5,6,ARTEFACTO EXPLOSIVO,"{'type': 'Point', 'coordinates': [-75.24282171, 6.219450549]}",
65,185333,CR005179,2002,1,25,11001,"BOGOTA, D.C.","BOGOTA, D. C.",AREA METROPOLITANA DE BOGOTA,ATAQUE A OBJETIVO MILITAR CON EFECTO INDISCRIMINADO,GUERRILLA,FARC,0,0,0,0,0,0,28,0,0,4,2,6,ARTEFACTO EXPLOSIVO,"{'type': 'Point', 'coordinates': [-74.107359, 4.65017303]}",
66,185335,CR005180,2002,3,11,50577,PUERTO LLERAS,META,ARIARI GUAYABERO,ATAQUE A OBJETIVO MILITAR CON EFECTO INDISCRIMINADO,GUERRILLA,FARC,0,0,0,0,0,0,8,0,0,3,3,6,ARTEFACTO EXPLOSIVO,"{'type': 'Point', 'coordinates': [-73.37374343, 3.269732439]}",
67,185336,CR046671,2002,3,28,95015,CALAMAR,GUAVIARE,ARIARI GUAYABERO,DESCONOCIDA,GRUPO ARMADO NO IDENTIFICADO,NO APLICA,0,0,0,0,0,0,0,0,0,0,4,4,ARTEFACTO EXPLOSIVO,"{'type': 'Point', 'coordinates': [-72.655172, 1.960108633]}",
68,185337,CR018154,2002,3,30,99001,PUERTO CARRENO,VICHADA,ALTILLANURA,ATAQUE A OBJETIVO MILITAR CON EFECTO INDISCRIMINADO,GUERRILLA,FARC,0,0,0,0,0,0,21,0,0,6,0,6,ARTEFACTO EXPLOSIVO,"{'type': 'Point', 'coordinates': [-67.486997, 6.186864187]}",
69,185338,CR005137,2002,4,5,50287,FUENTEDEORO,META,ARIARI GUAYABERO,DESCONOCIDA,GUERRILLA,FARC,0,0,0,0,0,0,0,0,0,0,0,0,ARTEFACTO EXPLOSIVO,"{'type': 'Point', 'coordinates': [-73.61798161, 3.462868031]}",
70,185339,CR005114,2002,4,7,50001,VILLAVICENCIO,META,PIEDEMONTE LLANERO,ATAQUE A OBJETIVO CIVIL CON EFECTO INDISCRIMINADO,GUERRILLA,FARC,0,0,0,0,0,0,70,0,0,0,10,10,ARTEFACTO EXPLOSIVO,"{'type': 'Point', 'coordinates': [-73.62709204, 4.1238615]}",
71,185340,,2002,4,14,8001,BARRANQUILLA,ATLANTICO,NORTE DE ATLANTICO,ATAQUE A OBJETIVO CIVIL CON EFECTO INDISCRIMINADO,GUERRILLA,FARC,0,0,0,0,0,0,13,0,0,0,4,4,ARTEFACTO EXPLOSIVO,"{'type': 'Point', 'coordinates': [-74.79525905, 10.97592682]}",
72,185341,,2002,4,15,76364,JAMUNDI,VALLE DEL CAUCA,SUR DEL VALLE,DESCONOCIDA,GRUPO PARAMILITAR,NO IDENTIFICADO,0,0,0,0,0,0,2,0,0,0,3,3,ARTEFACTO EXPLOSIVO,"{'type': 'Point', 'coordinates': [-76.54245873, 3.26227576]}",
73,185342,CR005099,2002,5,20,5390,LA PINTADA,ANTIOQUIA,SUROESTE ANTIOQUEÑO,ATAQUE A OBJETIVO CIVIL CON EFECTO INDISCRIMINADO,GUERRILLA,FARC,0,0,0,0,0,0,11,0,0,0,1,1,ARTEFACTO EXPLOSIVO,"{'type': 'Point', 'coordinates': [-75.60781026, 5.743807479]}",
74,185343,CR005133,2002,5,20,5390,LA PINTADA,ANTIOQUIA,SUROESTE ANTIOQUEÑO,ATAQUE A OBJETIVO CIVIL CON EFECTO INDISCRIMINADO,GUERRILLA,FARC,0,0,0,0,0,0,11,0,0,0,1,1,ARTEFACTO EXPLOSIVO,"{'type': 'Point', 'coordinates': [-75.60781026, 5.743807479]}",
75,185344,CR005140,2002,6,2,5172,CHIGORODO,ANTIOQUIA,URABA,ATAQUE A OBJETIVO MILITAR CON EFECTO INDISCRIMINADO,GUERRILLA,FARC,0,0,0,0,0,0,24,0,0,1,8,9,ARTEFACTO EXPLOSIVO,"{'type': 'Point', 'coordinates': [-76.6812164, 7.666300439]}",
76,185345,CR005102,2002,7,9,19455,MIRANDA,CAUCA,NORTE DEL CAUCA,ATAQUE A OBJETIVO CIVIL CON EFECTO INDISCRIMINADO,GUERRILLA,FARC,0,0,0,0,0,0,6,0,0,0,1,1,ARTEFACTO EXPLOSIVO,"{'type': 'Point', 'coordinates': [-76.22886987, 3.253095405]}",
77,185346,CR005094,2002,7,20,5315,GUADALUPE,ANTIOQUIA,NORTE DE ANTIOQUIA,ATAQUE A OBJETIVO CIVIL CON EFECTO INDISCRIMINADO,GUERRILLA,FARC,0,0,0,0,0,0,10,0,0,0,0,0,ARTEFACTO EXPLOSIVO,"{'type': 'Point', 'coordinates': [-75.24001859, 6.814263455]}",
78,185348,CR005174,2002,7,28,18753,SAN VICENTE DEL CAGUAN,CAQUETA,CAGUAN,ATAQUE A OBJETIVO MILITAR CON EFECTO INDISCRIMINADO,GUERRILLA,FARC,0,0,1,0,0,0,3,0,0,0,0,0,ARTEFACTO EXPLOSIVO,"{'type': 'Point', 'coordinates': [-74.76734058, 2.119786131]}",
79,185349,CR007134,2002,8,10,81794,TAME,ARAUCA,SARARE,ATAQUE A OBJETIVO MILITAR CON EFECTO INDISCRIMINADO,GUERRILLA,FARC,0,0,0,0,0,0,6,0,0,0,0,0,ARTEFACTO EXPLOSIVO,"{'type': 'Point', 'coordinates': [-71.75861086, 6.449379486]}",
80,185350,,2002,9,6,66170,DOSQUEBRADAS,RISARALDA,EJE CAFETERO,ATAQUE A OBJETIVO CIVIL CON EFECTO INDISCRIMINADO,GRUPO ARMADO NO IDENTIFICADO,NO APLICA,0,0,0,0,0,0,16,0,0,1,1,2,ARTEFACTO EXPLOSIVO,"{'type': 'Point', 'coordinates': [-75.68246912, 4.827187832]}",
81,185351,CR018420,2002,9,13,81736,SARAVENA,ARAUCA,SARARE,ATAQUE A OBJETIVO MILITAR CON EFECTO INDISCRIMINADO,GUERRILLA,FARC,0,0,0,0,0,0,23,0,0,0,4,4,ARTEFACTO EXPLOSIVO,"{'type': 'Point', 'coordinates': [-71.87233343, 6.95385957]}",
82,185352,,2002,9,16,81065,ARAUQUITA,ARAUCA,SARARE,ATAQUE A OBJETIVO MILITAR CON EFECTO INDISCRIMINADO,GUERRILLA,NO IDENTIFICADA,0,0,0,0,0,0,6,0,0,0,1,1,ARTEFACTO EXPLOSIVO,"{'type': 'Point', 'coordinates': [-71.42675118, 7.026981415]}",
83,185353,CR005097,2002,10,7,13244,EL CARMEN DE BOLIVAR,BOLIVAR,MONTES DE MARIA,ATAQUE A OBJETIVO CIVIL CON EFECTO INDISCRIMINADO,GUERRILLA,FARC,0,0,0,0,0,0,5,0,0,0,0,0,ARTEFACTO EXPLOSIVO,"{'type': 'Point', 'coordinates': [-75.12121573, 9.718579865]}",
84,185354,CR005178,2002,10,11,25312,GRANADA,CUNDINAMARCA,SUMAPAZ,ATAQUE A OBJETIVO MILITAR CON EFECTO INDISCRIMINADO,GUERRILLA,FARC,0,0,0,0,0,0,10,0,0,0,0,0,ARTEFACTO EXPLOSIVO,"{'type': 'Point', 'coordinates': [-74.35076611, 4.519763473]}",
85,185355,CR005038,2002,10,28,81001,ARAUCA,ARAUCA,LLANOS ORIENTALES,ATAQUE A OBJETIVO CIVIL CON EFECTO INDISCRIMINADO,GUERRILLA,FARC,0,0,0,0,0,0,7,0,0,2,0,2,ARTEFACTO EXPLOSIVO,"{'type': 'Point', 'coordinates': [-70.74635031, 7.077358544]}",
86,185356,CR005100,2002,10,28,8001,BARRANQUILLA,ATLANTICO,NORTE DE ATLANTICO,ATAQUE A OBJETIVO CIVIL CON EFECTO INDISCRIMINADO,GUERRILLA,FARC,0,0,0,0,0,0,33,0,0,0,0,0,ARTEFACTO EXPLOSIVO,"{'type': 'Point', 'coordinates': [-74.79525905, 10.97592682]}",
87,185357,CR005157,2002,11,13,54001,CUCUTA,NORTE DE SANTANDER,AREA METROPOLITANA DE CUCUTA,ATAQUE A OBJETIVO CIVIL CON EFECTO INDISCRIMINADO,GUERRILLA,ELN,0,0,0,0,0,0,3,0,0,0,0,0,ARTEFACTO EXPLOSIVO,"{'type': 'Point', 'coordinates': [-72.5082562, 7.905306295]}",
88,185358,CR005104,2002,11,14,25224,CUCUNUBA,CUNDINAMARCA,ALTIPLANO CUNDIBOYACENSE,ATAQUE A OBJETIVO CIVIL CON EFECTO INDISCRIMINADO,GUERRILLA,ELN,0,0,0,0,0,0,4,0,0,0,0,0,ARTEFACTO EXPLOSIVO,"{'type': 'Point', 'coordinates': [-73.76621533, 5.249767987]}",
89,185359,CR048326,2002,11,16,47001,SANTA MARTA,MAGDALENA,SIERRA NEVADA DE SANTA MARTA,ATAQUE A OBJETIVO CIVIL CON EFECTO INDISCRIMINADO,GUERRILLA,FARC,0,0,0,0,0,0,6,0,0,0,2,2,ARTEFACTO EXPLOSIVO,"{'type': 'Point', 'coordinates': [-74.19089412, 11.2294335]}",
90,185360,CR005162,2002,12,16,41001,NEIVA,HUILA,NORTE DEL HUILA,ATAQUE A OBJETIVO CIVIL CON EFECTO INDISCRIMINADO,GUERRILLA,FARC,0,0,0,0,0,0,21,0,0,0,1,1,ARTEFACTO EXPLOSIVO,"{'type': 'Point', 'coordinates': [-75.27772259, 2.935604415]}",
91,185361,CR005119,2003,1,9,81300,FORTUL,ARAUCA,SARARE,ATAQUE A OBJETIVO CIVIL CON EFECTO INDISCRIMINADO,GUERRILLA,FARC,0,0,0,0,0,0,14,0,0,0,4,4,ARTEFACTO EXPLOSIVO,"{'type': 'Point', 'coordinates': [-71.7685578, 6.797075753]}",
92,185362,CR005120,2003,1,16,5001,MEDELLIN,ANTIOQUIA,VALLE DE ABURRA,ATAQUE A OBJETIVO CIVIL CON EFECTO INDISCRIMINADO,GUERRILLA,FARC,0,0,0,0,0,0,27,0,0,0,5,5,ARTEFACTO EXPLOSIVO,"{'type': 'Point', 'coordinates': [-75.58171333, 6.246715564]}",
93,185363,CR005125,2003,1,25,18753,SAN VICENTE DEL CAGUAN,CAQUETA,CAGUAN,ATAQUE A OBJETIVO CIVIL CON EFECTO INDISCRIMINADO,GUERRILLA,FARC,0,0,0,0,0,0,6,0,0,0,0,0,ARTEFACTO EXPLOSIVO,"{'type': 'Point', 'coordinates': [-74.76734058, 2.119786131]}",
94,185364,CR005132,2003,2,7,11001,"BOGOTA, D.C.","BOGOTA, D. C.",AREA METROPOLITANA DE BOGOTA,ATAQUE A OBJETIVO CIVIL CON EFECTO INDISCRIMINADO,GUERRILLA,FARC,0,0,0,0,0,0,200,0,0,0,36,36,ARTEFACTO EXPLOSIVO,"{'type': 'Point', 'coordinates': [-74.107359, 4.65017303]}",
95,185365,CR005152,2003,3,5,54001,CUCUTA,NORTE DE SANTANDER,AREA METROPOLITANA DE CUCUTA,ATAQUE A OBJETIVO CIVIL CON EFECTO INDISCRIMINADO,GUERRILLA,ELN,0,0,0,0,0,0,70,0,0,0,13,13,ARTEFACTO EXPLOSIVO,"{'type': 'Point', 'coordinates': [-72.5082562, 7.905306295]}",
96,185366,CR005126,2003,5,25,95015,CALAMAR,GUAVIARE,ARIARI GUAYABERO,ATAQUE A OBJETIVO MILITAR CON EFECTO INDISCRIMINADO,GRUPO ARMADO NO IDENTIFICADO,NO APLICA,0,0,0,0,0,0,3,0,0,0,1,1,ARTEFACTO EXPLOSIVO,"{'type': 'Point', 'coordinates': [-72.655172, 1.960108633]}",
97,185367,CR047087,2003,7,2,41359,ISNOS,HUILA,SUR DEL HUILA,ATAQUE A OBJETIVO MILITAR CON EFECTO INDISCRIMINADO,GUERRILLA,FARC,0,0,0,0,0,0,9,0,0,1,0,1,ARTEFACTO EXPLOSIVO,"{'type': 'Point', 'coordinates': [-76.21763745, 1.92946706]}",
98,185368,,2003,7,5,18256,EL PAUJIL,CAQUETA,FLORENCIA Y AREA DE INFLUENCIA,ATAQUE A OBJETIVO MILITAR CON EFECTO INDISCRIMINADO,GUERRILLA,FARC,0,0,0,0,0,0,17,0,0,0,0,0,ARTEFACTO EXPLOSIVO,"{'type': 'Point', 'coordinates': [-75.32612346, 1.570373283]}",
99,185369,,2003,7,8,18256,EL PAUJIL,CAQUETA,FLORENCIA Y AREA DE INFLUENCIA,ATAQUE A OBJETIVO CIVIL CON EFECTO INDISCRIMINADO,GUERRILLA,FARC,0,0,0,0,0,0,3,0,0,0,1,1,ARTEFACTO EXPLOSIVO,"{'type': 'Point', 'coordinates': [-75.32612346, 1.570373283]}",
100,185370,CR005144,2003,7,17,81001,ARAUCA,ARAUCA,LLANOS ORIENTALES,ATAQUE A OBJETIVO CIVIL CON EFECTO INDISCRIMINADO,GUERRILLA,NO IDENTIFICADA,0,0,0,0,0,0,0,0,0,0,0,0,ARTEFACTO EXPLOSIVO,"{'type': 'Point', 'coordinates': [-70.74635031, 7.077358544]}",
101,185371,CR005168,2003,7,31,15757,SOCHA,BOYACA,ALTIPLANO CUNDIBOYACENSE,DESCONOCIDA,GUERRILLA,FARC,0,0,0,0,0,0,15,0,0,0,0,0,ARTEFACTO EXPLOSIVO,"{'type': 'Point', 'coordinates': [-72.69196586, 5.996713021]}",
102,185372,CR047110,2003,8,10,50689,SAN MARTIN,META,PIEDEMONTE LLANERO,ATAQUE A OBJETIVO CIVIL CON EFECTO INDISCRIMINADO,GUERRILLA,FARC,0,0,0,0,0,0,20,0,0,0,1,1,ARTEFACTO EXPLOSIVO,"{'type': 'Point', 'coordinates': [-73.69561782, 3.701879876]}",
103,185373,CR048988,2003,8,24,50590,PUERTO RICO,META,ARIARI GUAYABERO,ATAQUE A OBJETIVO MILITAR CON EFECTO INDISCRIMINADO,GUERRILLA,FARC,0,0,0,0,0,0,39,0,0,0,0,5,ARTEFACTO EXPLOSIVO,"{'type': 'Point', 'coordinates': [-73.20651333, 2.939743676]}",
104,185374,CR005164,2003,9,9,15183,CHITA,BOYACA,ALTIPLANO CUNDIBOYACENSE,ATAQUE A OBJETIVO CIVIL CON EFECTO INDISCRIMINADO,GUERRILLA,ELN,0,0,0,0,0,0,15,0,0,0,8,9,ARTEFACTO EXPLOSIVO,"{'type': 'Point', 'coordinates': [-72.47189235, 6.187082996]}",
105,185375,CR005109,2003,10,8,11001,"BOGOTA, D.C.","BOGOTA, D. C.",AREA METROPOLITANA DE BOGOTA,ATAQUE A OBJETIVO CIVIL CON EFECTO INDISCRIMINADO,GRUPO PARAMILITAR,AUTODEFENSAS UNIDAS DE COLOMBIA AUC,0,0,0,0,0,0,19,0,0,2,4,6,ARTEFACTO EXPLOSIVO,"{'type': 'Point', 'coordinates': [-74.107359, 4.65017303]}",
106,185376,,2003,10,14,81736,SARAVENA,ARAUCA,SARARE,ATAQUE A OBJETIVO MILITAR CON EFECTO INDISCRIMINADO,GUERRILLA,FARC,0,0,0,0,0,0,5,0,0,0,0,0,ARTEFACTO EXPLOSIVO,"{'type': 'Point', 'coordinates': [-71.87233343, 6.95385957]}",
107,185377,CR005041,2003,10,15,81300,FORTUL,ARAUCA,SARARE,ATAQUE A OBJETIVO MILITAR CON EFECTO INDISCRIMINADO,GUERRILLA,NO IDENTIFICADA,0,0,0,0,0,0,4,0,0,0,1,1,ARTEFACTO EXPLOSIVO,"{'type': 'Point', 'coordinates': [-71.7685578, 6.797075753]}",
108,185378,,2003,10,16,81300,FORTUL,ARAUCA,SARARE,ATAQUE A OBJETIVO MILITAR CON EFECTO INDISCRIMINADO,GUERRILLA,FARC,0,0,0,0,0,0,3,0,0,0,2,2,ARTEFACTO EXPLOSIVO,"{'type': 'Point', 'coordinates': [-71.7685578, 6.797075753]}",
109,185379,CR005151,2003,10,22,86865,VALLE DEL GUAMUEZ,PUTUMAYO,BAJO PUTUMAYO,ATAQUE A OBJETIVO CIVIL CON EFECTO INDISCRIMINADO,GRUPO ARMADO NO IDENTIFICADO,NO APLICA,0,0,0,0,0,0,13,0,0,0,2,2,ARTEFACTO EXPLOSIVO,"{'type': 'Point', 'coordinates': [-76.9059688, 0.4239040926]}",
110,185381,CR005150,2003,10,25,5887,YARUMAL,ANTIOQUIA,NORTE DE ANTIOQUIA,ATAQUE A OBJETIVO CIVIL CON EFECTO INDISCRIMINADO,GUERRILLA,FARC,0,0,0,0,0,1,12,0,0,0,7,7,ARTEFACTO EXPLOSIVO,"{'type': 'Point', 'coordinates': [-75.41883314, 6.963872352]}",
111,185382,CR018227,2003,10,26,5887,YARUMAL,ANTIOQUIA,NORTE DE ANTIOQUIA,ATAQUE A OBJETIVO CIVIL CON EFECTO INDISCRIMINADO,DESCONOCIDO,NO APLICA,0,0,0,0,0,0,11,0,0,0,5,5,ARTEFACTO EXPLOSIVO,"{'type': 'Point', 'coordinates': [-75.41883314, 6.963872352]}",
112,185383,,2003,11,10,5361,ITUANGO,ANTIOQUIA,NORTE DE ANTIOQUIA,ATAQUE A OBJETIVO MILITAR CON EFECTO INDISCRIMINADO,GUERRILLA,FARC,0,0,0,0,0,0,9,0,0,0,0,0,ARTEFACTO EXPLOSIVO,"{'type': 'Point', 'coordinates': [-75.76467317, 7.17162903]}",
113,185384,,2003,11,27,81794,TAME,ARAUCA,SARARE,DESCONOCIDA,GUERRILLA,FARC,0,0,0,0,0,0,3,0,0,0,1,1,ARTEFACTO EXPLOSIVO,"{'type': 'Point', 'coordinates': [-71.75861086, 6.449379486]}",
114,185385,,2003,11,27,81794,TAME,ARAUCA,SARARE,ATAQUE A OBJETIVO CIVIL CON EFECTO INDISCRIMINADO,GRUPO ARMADO NO IDENTIFICADO,NO APLICA,0,0,0,0,0,0,4,0,0,0,2,2,ARTEFACTO EXPLOSIVO,"{'type': 'Point', 'coordinates': [-71.75861086, 6.449379486]}",
115,185386,,2003,12,16,8001,BARRANQUILLA,ATLANTICO,NORTE DE ATLANTICO,ATAQUE A OBJETIVO CIVIL CON EFECTO INDISCRIMINADO,GUERRILLA,NO IDENTIFICADA,0,0,0,0,0,0,73,0,0,0,1,1,ARTEFACTO EXPLOSIVO,"{'type': 'Point', 'coordinates': [-74.79525905, 10.97592682]}",
116,185387,CR005101,2004,5,2,11001,"BOGOTA, D.C.","BOGOTA, D. C.",AREA METROPOLITANA DE BOGOTA,ATAQUE A OBJETIVO CIVIL CON EFECTO INDISCRIMINADO,GRUPO PARAMILITAR,NO IDENTIFICADO,0,0,0,0,0,0,11,0,0,0,0,0,ARTEFACTO EXPLOSIVO,"{'type': 'Point', 'coordinates': [-74.107359, 4.65017303]}",
117,185388,CR005107,2004,5,4,81794,TAME,ARAUCA,SARARE,ATAQUE A OBJETIVO CIVIL CON EFECTO INDISCRIMINADO,GUERRILLA,FARC,0,0,0,0,0,0,37,0,0,0,2,2,ARTEFACTO EXPLOSIVO,"{'type': 'Point', 'coordinates': [-71.75861086, 6.449379486]}",
118,185389,CR005106,2004,5,15,5667,SAN RAFAEL,ANTIOQUIA,ORIENTE ANTIOQUEÑO,ATAQUE A OBJETIVO CIVIL CON EFECTO INDISCRIMINADO,GRUPO PARAMILITAR,NO IDENTIFICADO,0,0,0,0,0,0,14,0,0,0,1,1,ARTEFACTO EXPLOSIVO,"{'type': 'Point', 'coordinates': [-75.02798382, 6.293754876]}",
119,185390,CR005108,2004,5,22,5649,SAN CARLOS,ANTIOQUIA,ORIENTE ANTIOQUEÑO,ATAQUE A OBJETIVO CIVIL CON EFECTO INDISCRIMINADO,GRUPO PARAMILITAR,AUTODEFENSAS UNIDAS DE COLOMBIA AUC,0,0,0,0,0,0,14,0,0,0,3,3,ARTEFACTO EXPLOSIVO,"{'type': 'Point', 'coordinates': [-74.98795256, 6.187991569]}",
120,185391,CR005115,2004,5,23,5045,APARTADO,ANTIOQUIA,URABA,ATAQUE A OBJETIVO CIVIL CON EFECTO INDISCRIMINADO,GUERRILLA,FARC,0,0,0,0,0,0,26,0,0,0,7,7,ARTEFACTO EXPLOSIVO,"{'type': 'Point', 'coordinates': [-76.62596065, 7.883417406]}",
121,185392,CR005169,2005,5,3,81736,SARAVENA,ARAUCA,SARARE,DESCONOCIDA,GUERRILLA,NO IDENTIFICADA,0,0,0,0,0,0,0,0,0,0,0,0,ARTEFACTO EXPLOSIVO,"{'type': 'Point', 'coordinates': [-71.87233343, 6.95385957]}",
122,185393,,2005,8,6,81001,ARAUCA,ARAUCA,LLANOS ORIENTALES,ATAQUE A OBJETIVO CIVIL CON EFECTO INDISCRIMINADO,GUERRILLA,NO IDENTIFICADA,0,0,0,0,0,0,26,0,0,0,1,1,ARTEFACTO EXPLOSIVO,"{'type': 'Point', 'coordinates': [-70.74635031, 7.077358544]}",
123,185395,CR005110,2005,11,25,18001,FLORENCIA,CAQUETA,FLORENCIA Y AREA DE INFLUENCIA,ATAQUE A OBJETIVO CIVIL CON EFECTO INDISCRIMINADO,GRUPO PARAMILITAR,AUTODEFENSAS UNIDAS DE COLOMBIA AUC,0,0,1,0,0,0,36,0,0,0,1,1,ARTEFACTO EXPLOSIVO,"{'type': 'Point', 'coordinates': [-75.60856043, 1.61792293]}",
124,185396,CR005176,2006,3,6,18753,SAN VICENTE DEL CAGUAN,CAQUETA,CAGUAN,ATAQUE A OBJETIVO MILITAR CON EFECTO INDISCRIMINADO,GUERRILLA,FARC,0,0,0,0,0,0,7,0,0,1,3,4,ARTEFACTO EXPLOSIVO,"{'type': 'Point', 'coordinates': [-74.76734058, 2.119786131]}",
125,185397,CR010018,2006,4,6,11001,"BOGOTA, D.C.","BOGOTA, D. C.",AREA METROPOLITANA DE BOGOTA,ATAQUE A OBJETIVO CIVIL CON EFECTO INDISCRIMINADO,GUERRILLA,FARC,0,0,0,0,0,0,22,0,0,0,3,3,ARTEFACTO EXPLOSIVO,"{'type': 'Point', 'coordinates': [-74.107359, 4.65017303]}",
126,185398,CR047498,2006,8,4,76001,CALI,VALLE DEL CAUCA,SUR DEL VALLE,ATAQUE A OBJETIVO MILITAR CON EFECTO INDISCRIMINADO,DESCONOCIDO,NO APLICA,0,0,0,0,0,0,9,0,0,6,1,7,ARTEFACTO EXPLOSIVO,"{'type': 'Point', 'coordinates': [-76.52156515, 3.414414305]}",
127,185399,,2006,8,18,76109,BUENAVENTURA,VALLE DEL CAUCA,ANDEN PACIFICO SUR,ATAQUE A OBJETIVO CIVIL CON EFECTO INDISCRIMINADO,GUERRILLA,FARC,0,0,0,0,0,0,13,0,0,0,1,1,ARTEFACTO EXPLOSIVO,"{'type': 'Point', 'coordinates': [-77.0117402, 3.875802437]}",
128,185400,CR010020,2006,10,19,11001,"BOGOTA, D.C.","BOGOTA, D. C.",AREA METROPOLITANA DE BOGOTA,ATAQUE A OBJETIVO MILITAR CON EFECTO INDISCRIMINADO,GUERRILLA,FARC,0,0,0,0,0,0,20,0,0,0,0,0,ARTEFACTO EXPLOSIVO,"{'type': 'Point', 'coordinates': [-74.107359, 4.65017303]}",
129,185401,CR2017185401,2007,1,21,76109,BUENAVENTURA,VALLE DEL CAUCA,ANDEN PACIFICO SUR,ATAQUE A OBJETIVO MILITAR CON EFECTO INDISCRIMINADO,GUERRILLA,FARC,0,0,0,0,0,0,14,0,0,2,4,6,ARTEFACTO EXPLOSIVO,"{'type': 'Point', 'coordinates': [-77.0117402, 3.875802437]}",
130,185402,,2007,2,9,76109,BUENAVENTURA,VALLE DEL CAUCA,ANDEN PACIFICO SUR,ATAQUE A OBJETIVO MILITAR CON EFECTO INDISCRIMINADO,GUERRILLA,FARC,0,0,0,0,0,0,8,0,0,0,1,1,ARTEFACTO EXPLOSIVO,"{'type': 'Point', 'coordinates': [-77.0117402, 3.875802437]}",
131,185403,CR011112,2007,3,1,41001,NEIVA,HUILA,NORTE DEL HUILA,ATAQUE A OBJETIVO CIVIL CON EFECTO INDISCRIMINADO,GUERRILLA,FARC,0,0,0,0,0,0,10,0,0,0,0,0,ARTEFACTO EXPLOSIVO,"{'type': 'Point', 'coordinates': [-75.27772259, 2.935604415]}",
132,185404,CR005153,2007,10,22,86568,PUERTO ASIS,PUTUMAYO,BAJO PUTUMAYO,ATAQUE A OBJETIVO CIVIL CON EFECTO INDISCRIMINADO,GUERRILLA,FARC,0,0,0,0,0,0,7,0,0,0,2,2,ARTEFACTO EXPLOSIVO,"{'type': 'Point', 'coordinates': [-76.49727285, 0.5050467219]}",
133,185405,,2008,6,9,11001,"BOGOTA, D.C.","BOGOTA, D. C.",AREA METROPOLITANA DE BOGOTA,ATAQUE A OBJETIVO CIVIL CON EFECTO INDISCRIMINADO,GUERRILLA,FARC,0,1,0,0,0,1,1,0,0,0,1,1,ARTEFACTO EXPLOSIVO,"{'type': 'Point', 'coordinates': [-74.107359, 4.65017303]}",
134,185406,CR018223,2008,8,14,5361,ITUANGO,ANTIOQUIA,NORTE DE ANTIOQUIA,ATAQUE A OBJETIVO MILITAR CON EFECTO INDISCRIMINADO,GUERRILLA,FARC,0,0,0,0,0,0,51,0,0,0,7,7,ARTEFACTO EXPLOSIVO,"{'type': 'Point', 'coordinates': [-75.76467317, 7.17162903]}",
135,185407,,2008,8,19,5667,SAN RAFAEL,ANTIOQUIA,ORIENTE ANTIOQUEÑO,ATAQUE A OBJETIVO MILITAR CON EFECTO INDISCRIMINADO,GUERRILLA,FARC,0,0,0,0,0,0,0,0,0,0,1,1,ARTEFACTO EXPLOSIVO,"{'type': 'Point', 'coordinates': [-75.02798382, 6.293754876]}",
136,185408,CR018225,2008,12,14,5667,SAN RAFAEL,ANTIOQUIA,ORIENTE ANTIOQUEÑO,ATAQUE A OBJETIVO CIVIL CON EFECTO INDISCRIMINADO,GUERRILLA,FARC,0,0,0,0,0,0,11,0,0,0,0,0,ARTEFACTO EXPLOSIVO,"{'type': 'Point', 'coordinates': [-75.02798382, 6.293754876]}",
137,185409,CR002076,2009,1,13,52621,ROBERTO PAYAN,NARIÑO,ANDEN PACIFICO SUR,ATAQUE A OBJETIVO MILITAR CON EFECTO INDISCRIMINADO,GUERRILLA,FARC,0,0,0,0,0,0,8,0,0,0,5,5,ARMA DE FUEGO - ARTEFACTO EXPLOSIVO,"{'type': 'Point', 'coordinates': [-78.24566252, 1.697744768]}",
138,185410,,2009,1,29,11001,"BOGOTA, D.C.","BOGOTA, D. C.",AREA METROPOLITANA DE BOGOTA,ATAQUE A OBJETIVO CIVIL CON EFECTO INDISCRIMINADO,GUERRILLA,FARC,0,0,0,0,0,1,12,0,0,0,2,2,ARTEFACTO EXPLOSIVO,"{'type': 'Point', 'coordinates': [-74.107359, 4.65017303]}",
139,185411,,2009,2,1,76001,CALI,VALLE DEL CAUCA,SUR DEL VALLE,ATAQUE A OBJETIVO MILITAR CON EFECTO INDISCRIMINADO,GRUPO ARMADO NO IDENTIFICADO,NO APLICA,0,0,0,0,0,0,12,0,0,0,2,2,ARTEFACTO EXPLOSIVO,"{'type': 'Point', 'coordinates': [-76.52156515, 3.414414305]}",
140,185412,,2009,2,12,54206,CONVENCION,NORTE DE SANTANDER,CATATUMBO,ATAQUE A OBJETIVO MILITAR CON EFECTO INDISCRIMINADO,GUERRILLA,ELN,0,0,0,0,0,0,15,0,0,3,6,9,ARTEFACTO EXPLOSIVO,"{'type': 'Point', 'coordinates': [-73.33720845, 8.470368933]}",
141,185413,CR018304,2009,3,28,5045,APARTADO,ANTIOQUIA,URABA,ATAQUE A OBJETIVO CIVIL CON EFECTO INDISCRIMINADO,GRUPO ARMADO NO IDENTIFICADO,NO APLICA,0,0,0,0,0,0,15,0,0,0,0,0,ARTEFACTO EXPLOSIVO,"{'type': 'Point', 'coordinates': [-76.62596065, 7.883417406]}",
142,185414,CR000025,2009,5,9,52678,SAMANIEGO,NARIÑO,OCCIDENTE DE NARIÑO,ATAQUE A OBJETIVO CIVIL CON EFECTO INDISCRIMINADO,GUERRILLA,ELN,0,0,0,0,0,0,0,0,0,0,0,0,ARTEFACTO EXPLOSIVO,"{'type': 'Point', 'coordinates': [-77.59445713, 1.335351879]}",
143,185415,CR035022,2010,3,24,76109,BUENAVENTURA,VALLE DEL CAUCA,ANDEN PACIFICO SUR,ATAQUE A OBJETIVO CIVIL CON EFECTO INDISCRIMINADO,GUERRILLA,FARC,0,0,0,0,0,0,50,0,0,2,7,9,ARTEFACTO EXPLOSIVO,"{'type': 'Point', 'coordinates': [-77.0117402, 3.875802437]}",
144,185416,CR017103,2010,5,2,19318,GUAPI,CAUCA,ANDEN PACIFICO SUR,ATAQUE A OBJETIVO CIVIL CON EFECTO INDISCRIMINADO,GRUPO ARMADO NO IDENTIFICADO,NO APLICA,0,0,0,0,0,0,8,0,0,0,1,1,ARTEFACTO EXPLOSIVO,"{'type': 'Point', 'coordinates': [-77.88803347, 2.572918366]}",
145,185417,CR018222,2010,6,11,5045,APARTADO,ANTIOQUIA,URABA,ATAQUE A OBJETIVO CIVIL CON EFECTO INDISCRIMINADO,GUERRILLA,FARC,0,0,0,0,0,0,12,0,0,0,1,1,ARTEFACTO EXPLOSIVO,"{'type': 'Point', 'coordinates': [-76.62596065, 7.883417406]}",
146,185418,CR005096,2010,8,12,11001,"BOGOTA, D.C.","BOGOTA, D. C.",AREA METROPOLITANA DE BOGOTA,ATAQUE A OBJETIVO CIVIL CON EFECTO INDISCRIMINADO,GUERRILLA,FARC,0,0,0,0,0,0,47,0,0,0,0,0,ARTEFACTO EXPLOSIVO,"{'type': 'Point', 'coordinates': [-74.107359, 4.65017303]}",
147,185419,CR018445,2011,3,18,54670,SAN CALIXTO,NORTE DE SANTANDER,CATATUMBO,ATAQUE A OBJETIVO MILITAR CON EFECTO INDISCRIMINADO,GUERRILLA,FARC,0,0,0,0,1,0,1,0,0,0,3,3,ARTEFACTO EXPLOSIVO,"{'type': 'Point', 'coordinates': [-73.20605269, 8.40015189]}",
148,185420,,2011,6,13,52696,SANTA BARBARA,NARIÑO,ANDEN PACIFICO SUR,ATAQUE A OBJETIVO MILITAR CON EFECTO INDISCRIMINADO,GUERRILLA,FARC,0,0,0,0,0,0,10,0,0,0,1,1,ARTEFACTO EXPLOSIVO,"{'type': 'Point', 'coordinates': [-77.97908278, 2.449548194]}",
149,185421,,2011,6,18,19001,POPAYAN,CAUCA,MACIZO COLOMBIANO,ATAQUE A OBJETIVO MILITAR CON EFECTO INDISCRIMINADO,GUERRILLA,ELN,0,0,0,0,0,0,5,0,0,0,1,1,ARTEFACTO EXPLOSIVO,"{'type': 'Point', 'coordinates': [-76.57406468, 2.482503391]}",
150,185422,CR002067,2011,7,9,19821,TORIBIO,CAUCA,NORTE DEL CAUCA,ATAQUE A OBJETIVO MILITAR CON EFECTO INDISCRIMINADO,GUERRILLA,FARC,0,0,0,0,0,0,99,0,0,1,3,4,ARTEFACTO EXPLOSIVO,"{'type': 'Point', 'coordinates': [-76.27112721, 2.951450409]}",
151,185423,CR005154,2011,10,2,76275,FLORIDA,VALLE DEL CAUCA,SUR DEL VALLE,ATAQUE A OBJETIVO CIVIL CON EFECTO INDISCRIMINADO,GUERRILLA,FARC,0,0,0,0,0,0,0,0,0,0,0,0,ARTEFACTO EXPLOSIVO,"{'type': 'Point', 'coordinates': [-76.23450174, 3.323918106]}",
152,185424,CR048476,2011,12,5,44430,MAICAO,LA GUAJIRA,ALTA GUAJIRA,ATAQUE A OBJETIVO MILITAR CON EFECTO INDISCRIMINADO,GUERRILLA,FARC,0,0,0,0,0,0,11,0,0,0,3,3,ARTEFACTO EXPLOSIVO,"{'type': 'Point', 'coordinates': [-72.24190502, 11.37832678]}",
153,185425,CR005121,2012,1,13,54810,TIBU,NORTE DE SANTANDER,CATATUMBO,ATAQUE A OBJETIVO CIVIL CON EFECTO INDISCRIMINADO,GUERRILLA,FARC,0,0,0,0,0,0,2,0,0,0,3,3,ARTEFACTO EXPLOSIVO,"{'type': 'Point', 'coordinates': [-72.57585052, 8.468711125]}",
154,185426,CR005122,2012,1,13,52835,SAN ANDRES DE TUMACO,NARIÑO,ANDEN PACIFICO SUR,ATAQUE A OBJETIVO CIVIL CON EFECTO INDISCRIMINADO,GUERRILLA,FARC,0,0,0,0,0,0,2,0,0,0,0,0,ARTEFACTO EXPLOSIVO,"{'type': 'Point', 'coordinates': [-78.76385415, 1.80711725]}",
155,185427,CR005166,2012,2,1,52835,SAN ANDRES DE TUMACO,NARIÑO,ANDEN PACIFICO SUR,ATAQUE A OBJETIVO MILITAR CON EFECTO INDISCRIMINADO,GUERRILLA,FARC,0,0,0,0,0,0,64,0,0,1,8,9,ARTEFACTO EXPLOSIVO,"{'type': 'Point', 'coordinates': [-78.76385415, 1.80711725]}",
156,185428,CR011002,2012,2,2,19845,VILLA RICA,CAUCA,NORTE DEL CAUCA,ATAQUE A OBJETIVO MILITAR CON EFECTO INDISCRIMINADO,GUERRILLA,FARC,0,0,0,0,0,0,28,0,0,1,5,6,ARTEFACTO EXPLOSIVO,"{'type': 'Point', 'coordinates': [-76.45787266, 3.177577927]}",
157,185429,CR005173,2012,2,10,19212,CORINTO,CAUCA,NORTE DEL CAUCA,ATAQUE A OBJETIVO CIVIL CON EFECTO INDISCRIMINADO,GUERRILLA,FARC,0,0,0,0,0,0,5,0,0,0,0,0,ARTEFACTO EXPLOSIVO,"{'type': 'Point', 'coordinates': [-76.26131419, 3.173815457]}",
158,185430,CR047946,2012,2,27,54250,EL TARRA,NORTE DE SANTANDER,CATATUMBO,ATAQUE A OBJETIVO CIVIL CON EFECTO INDISCRIMINADO,GUERRILLA,FARC,0,0,0,0,0,0,6,0,0,0,0,0,ARTEFACTO EXPLOSIVO,"{'type': 'Point', 'coordinates': [-73.09484592, 8.576771365]}",
159,185431,CR005136,2012,3,23,19364,JAMBALO,CAUCA,NORTE DEL CAUCA,ATAQUE A OBJETIVO CIVIL CON EFECTO INDISCRIMINADO,GUERRILLA,FARC,0,0,0,0,0,0,2,0,0,0,0,0,ARTEFACTO EXPLOSIVO,"{'type': 'Point', 'coordinates': [-76.32387818, 2.777837347]}",
160,185432,CR018646,2012,4,21,73001,IBAGUE,TOLIMA,NORTE DEL TOLIMA,ATAQUE A OBJETIVO CIVIL CON EFECTO INDISCRIMINADO,GUERRILLA,FARC,0,0,0,0,0,0,9,0,0,0,0,0,ARTEFACTO EXPLOSIVO,"{'type': 'Point', 'coordinates': [-75.19371478, 4.439608991]}",
161,185433,CR013026,2012,4,28,52678,SAMANIEGO,NARIÑO,OCCIDENTE DE NARIÑO,ATAQUE A OBJETIVO CIVIL CON EFECTO INDISCRIMINADO,GUERRILLA,NO IDENTIFICADA,0,0,0,0,0,0,15,0,0,0,1,1,ARTEFACTO EXPLOSIVO,"{'type': 'Point', 'coordinates': [-77.59445713, 1.335351879]}",
162,185434,CR005170,2012,6,5,52250,EL CHARCO,NARIÑO,ANDEN PACIFICO SUR,ATAQUE A OBJETIVO CIVIL CON EFECTO INDISCRIMINADO,GUERRILLA,FARC,0,0,0,0,0,0,14,0,0,0,0,0,ARTEFACTO EXPLOSIVO,"{'type': 'Point', 'coordinates': [-78.109849, 2.477550593]}",
163,185437,CR005167,2012,8,26,50711,VISTAHERMOSA,META,ARIARI GUAYABERO,ATAQUE A OBJETIVO MILITAR CON EFECTO INDISCRIMINADO,GUERRILLA,FARC,0,0,0,0,0,0,4,0,0,0,6,6,ARTEFACTO EXPLOSIVO,"{'type': 'Point', 'coordinates': [-73.79453841, 3.218280369]}",
164,185438,,2012,10,31,76563,PRADERA,VALLE DEL CAUCA,SUR DEL VALLE,ATAQUE A OBJETIVO CIVIL CON EFECTO INDISCRIMINADO,GUERRILLA,FARC,0,0,0,0,0,0,35,0,0,0,2,2,ARTEFACTO EXPLOSIVO,"{'type': 'Point', 'coordinates': [-76.24182023, 3.419827409]}",
165,185439,CR005172,2012,11,4,19075,BALBOA,CAUCA,PATIA,ATAQUE A OBJETIVO MILITAR CON EFECTO INDISCRIMINADO,GUERRILLA,FARC,0,0,0,0,0,0,0,0,0,0,0,0,ARTEFACTO EXPLOSIVO,"{'type': 'Point', 'coordinates': [-77.21589814, 2.040478768]}",
166,185440,,2013,3,11,19807,TIMBIO,CAUCA,MACIZO COLOMBIANO,ATAQUE A OBJETIVO MILITAR CON EFECTO INDISCRIMINADO,DESCONOCIDO,NO APLICA,0,0,0,0,0,0,12,0,0,0,0,0,ARTEFACTO EXPLOSIVO,"{'type': 'Point', 'coordinates': [-76.68423879, 2.349976425]}",
167,185441,,2013,3,14,19050,ARGELIA,CAUCA,PATIA,ATAQUE A OBJETIVO MILITAR CON EFECTO INDISCRIMINADO,GUERRILLA,FARC,0,0,0,0,0,0,11,0,0,0,0,0,ARTEFACTO EXPLOSIVO,"{'type': 'Point', 'coordinates': [-77.24945028, 2.256754909]}",
168,185442,CR005113,2013,11,29,52835,SAN ANDRES DE TUMACO,NARIÑO,ANDEN PACIFICO SUR,ATAQUE A OBJETIVO CIVIL CON EFECTO INDISCRIMINADO,GUERRILLA,FARC,0,0,0,0,0,0,4,0,0,0,0,0,ARTEFACTO EXPLOSIVO,"{'type': 'Point', 'coordinates': [-78.76385415, 1.80711725]}",
169,185443,CR048444,2014,6,7,5001,MEDELLIN,ANTIOQUIA,VALLE DE ABURRA,ATAQUE A OBJETIVO CIVIL CON EFECTO INDISCRIMINADO,GUERRILLA,FARC,0,0,0,0,0,0,0,0,0,0,0,0,ARTEFACTO EXPLOSIVO,"{'type': 'Point', 'coordinates': [-75.58171333, 6.246715564]}",
170,185444,,2014,7,30,19455,MIRANDA,CAUCA,NORTE DEL CAUCA,ATAQUE A OBJETIVO MILITAR CON EFECTO INDISCRIMINADO,GUERRILLA,FARC,0,0,0,0,0,0,4,0,0,0,1,1,ARTEFACTO EXPLOSIVO,"{'type': 'Point', 'coordinates': [-76.22886987, 3.253095405]}",
171,185445,CR018761,2015,5,27,52250,EL CHARCO,NARIÑO,ANDEN PACIFICO SUR,ATAQUE A OBJETIVO MILITAR CON EFECTO INDISCRIMINADO,GRUPO ARMADO NO IDENTIFICADO,NO APLICA,0,0,0,0,0,0,0,0,0,0,0,0,ARTEFACTO EXPLOSIVO,"{'type': 'Point', 'coordinates': [-78.109849, 2.477550593]}",
172,185446,,2015,6,14,76109,BUENAVENTURA,VALLE DEL CAUCA,ANDEN PACIFICO SUR,ATAQUE A OBJETIVO MILITAR CON EFECTO INDISCRIMINADO,DESCONOCIDO,NO APLICA,0,0,0,0,0,0,14,0,0,0,0,0,ARTEFACTO EXPLOSIVO,"{'type': 'Point', 'coordinates': [-77.0117402, 3.875802437]}",1 CAPTURADO
173,185447,,2015,6,16,52079,BARBACOAS,NARIÑO,ANDEN PACIFICO SUR,ATAQUE A OBJETIVO MILITAR CON EFECTO INDISCRIMINADO,DESCONOCIDO,NO APLICA,0,0,0,0,0,0,7,0,0,0,0,0,ARTEFACTO EXPLOSIVO,"{'type': 'Point', 'coordinates': [-78.13989493, 1.670345194]}",
174,185448,CR018738,2015,6,26,86568,PUERTO ASIS,PUTUMAYO,BAJO PUTUMAYO,ATAQUE A OBJETIVO MILITAR CON EFECTO INDISCRIMINADO,GUERRILLA,FARC,0,0,0,0,0,0,1,0,0,0,0,0,ARTEFACTO EXPLOSIVO,"{'type': 'Point', 'coordinates': [-76.49727285, 0.5050467219]}",
175,185449,CR018741,2015,7,9,5040,ANORI,ANTIOQUIA,NORDESTE ANTIOQUEÑO,ATAQUE A OBJETIVO CIVIL CON EFECTO INDISCRIMINADO,GUERRILLA,FARC,0,0,0,0,0,0,0,0,0,0,0,0,ARTEFACTO EXPLOSIVO,"{'type': 'Point', 'coordinates': [-75.14834842, 7.074707669]}",
176,185450,CR018765,2015,7,11,86001,MOCOA,PUTUMAYO,MEDIO PUTUMAYO,ATAQUE A OBJETIVO MILITAR CON EFECTO INDISCRIMINADO,GUERRILLA,FARC,0,0,0,0,0,0,2,0,0,0,0,0,ARTEFACTO EXPLOSIVO,"{'type': 'Point', 'coordinates': [-76.65027142, 1.152296118]}",
177,185451,CR018743,2015,7,11,19809,TIMBIQUI,CAUCA,ANDEN PACIFICO SUR,ATAQUE A OBJETIVO CIVIL CON EFECTO INDISCRIMINADO,DESCONOCIDO,NO APLICA,0,0,0,0,0,0,0,0,0,0,0,0,ARTEFACTO EXPLOSIVO,"{'type': 'Point', 'coordinates': [-77.66756524, 2.777413702]}",
178,185452,CR018744,2015,7,13,76275,FLORIDA,VALLE DEL CAUCA,SUR DEL VALLE,ATAQUE A OBJETIVO MILITAR CON EFECTO INDISCRIMINADO,GUERRILLA,FARC,0,0,0,0,0,0,0,0,0,0,0,0,ARTEFACTO EXPLOSIVO,"{'type': 'Point', 'coordinates': [-76.23450174, 3.323918106]}",
179,185453,CR018769,2015,7,19,52835,SAN ANDRES DE TUMACO,NARIÑO,ANDEN PACIFICO SUR,ATAQUE A OBJETIVO CIVIL CON EFECTO INDISCRIMINADO,GUERRILLA,FARC,0,0,0,0,0,0,0,0,0,0,0,0,ARTEFACTO EXPLOSIVO,"{'type': 'Point', 'coordinates': [-78.76385415, 1.80711725]}",
180,185454,CR018754,2015,9,13,81300,FORTUL,ARAUCA,SARARE,ATAQUE A OBJETIVO MILITAR CON EFECTO INDISCRIMINADO,GUERRILLA,NO IDENTIFICADA,0,0,0,0,0,0,4,0,0,0,0,0,ARTEFACTO EXPLOSIVO,"{'type': 'Point', 'coordinates': [-71.7685578, 6.797075753]}",
181,185455,CR047869,2015,11,5,19397,LA VEGA,CAUCA,MACIZO COLOMBIANO,ATAQUE A OBJETIVO MILITAR CON EFECTO INDISCRIMINADO,GRUPO ARMADO NO IDENTIFICADO,NO APLICA,0,0,0,0,0,0,0,0,0,0,0,0,ARTEFACTO EXPLOSIVO,"{'type': 'Point', 'coordinates': [-76.7788973, 2.001109223]}",
182,185456,CR037210,1965,2,5,54001,CUCUTA,NORTE DE SANTANDER,AREA METROPOLITANA DE CUCUTA,ATAQUE A OBJETIVO CIVIL CON EFECTO INDISCRIMINADO,GUERRILLA,ELN,0,0,0,0,0,0,0,0,0,0,0,0,ARTEFACTO EXPLOSIVO,"{'type': 'Point', 'coordinates': [-72.5082562, 7.905306295]}",
183,185457,CR037208,1965,2,10,19001,POPAYAN,CAUCA,MACIZO COLOMBIANO,ATAQUE A OBJETIVO CIVIL CON EFECTO INDISCRIMINADO,DESCONOCIDO,NO APLICA,0,0,0,0,0,0,1,0,0,0,0,0,ARTEFACTO EXPLOSIVO,"{'type': 'Point', 'coordinates': [-76.57406468, 2.482503391]}",
184,185458,CR037209,1965,2,10,11001,"BOGOTA, D.C.","BOGOTA, D. C.",AREA METROPOLITANA DE BOGOTA,ATAQUE A OBJETIVO CIVIL CON EFECTO INDISCRIMINADO,DESCONOCIDO,NO APLICA,0,0,0,0,0,0,0,0,0,0,0,0,ARTEFACTO EXPLOSIVO,"{'type': 'Point', 'coordinates': [-74.107359, 4.65017303]}",
185,185459,CR040165,2003,8,8,81736,SARAVENA,ARAUCA,SARARE,ATAQUE A OBJETIVO MILITAR CON EFECTO INDISCRIMINADO,GUERRILLA,FARC,0,0,0,0,0,0,5,0,0,0,5,5,ARTEFACTO EXPLOSIVO,"{'type': 'Point', 'coordinates': [-71.87233343, 6.95385957]}",
186,185466,,1965,3,20,11001,"BOGOTA, D.C.","BOGOTA, D. C.",AREA METROPOLITANA DE BOGOTA,ATAQUE A OBJETIVO CIVIL CON EFECTO INDISCRIMINADO,DESCONOCIDO,NO APLICA,0,0,0,0,0,0,2,0,0,0,0,0,ARTEFACTO EXPLOSIVO,"{'type': 'Point', 'coordinates': [-74.107359, 4.65017303]}",
187,185467,CR037222,1965,6,19,11001,"BOGOTA, D.C.","BOGOTA, D. C.",AREA METROPOLITANA DE BOGOTA,ATAQUE A OBJETIVO CIVIL CON EFECTO INDISCRIMINADO,BANDOLERISMO,NO IDENTIFICADO,0,0,0,0,0,0,0,0,0,0,0,0,ARTEFACTO EXPLOSIVO,"{'type': 'Point', 'coordinates': [-74.107359, 4.65017303]}",
188,185468,CR041164,1965,7,27,11001,"BOGOTA, D.C.","BOGOTA, D. C.",AREA METROPOLITANA DE BOGOTA,ATAQUE A OBJETIVO MILITAR CON EFECTO INDISCRIMINADO,GUERRILLA,ELN,0,0,0,0,0,0,0,0,0,0,1,1,ARTEFACTO EXPLOSIVO,"{'type': 'Point', 'coordinates': [-74.107359, 4.65017303]}",
189,195048,CR2017195048,2001,8,9,54313,GRAMALOTE,NORTE DE SANTANDER,PROVINCIA DE RICAURTE,ATAQUE A OBJETIVO CIVIL CON EFECTO INDISCRIMINADO,GUERRILLA,ELN,0,0,0,0,0,0,4,1,0,0,2,2,ARTEFACTO EXPLOSIVO,"{'type': 'Point', 'coordinates': [-72.78683006, 7.916581824]}",
190,200005,,2009,4,16,5120,CACERES,ANTIOQUIA,BAJO CAUCA ANTIOQUEÑO,ATAQUE A OBJETIVO MILITAR CON EFECTO INDISCRIMINADO,GRUPO ARMADO NO IDENTIFICADO,NO APLICA,0,0,0,0,0,0,5,0,0,0,0,0,ARTEFACTO EXPLOSIVO,"{'type': 'Point', 'coordinates': [-75.35235749, 7.578315451]}",
191,200991,CR2017200991,2012,6,19,41020,ALGECIRAS,HUILA,CENTRO DEL HUILA,ATAQUE A OBJETIVO MILITAR CON EFECTO INDISCRIMINADO,GUERRILLA,FARC,0,0,0,0,0,1,0,0,0,0,0,0,ARTEFACTO EXPLOSIVO,"{'type': 'Point', 'coordinates': [-75.31537288, 2.522447597]}",
192,20575,CR021260,2003,4,24,5541,PENOL,ANTIOQUIA,ORIENTE ANTIOQUEÑO,ATAQUE A OBJETIVO MILITAR CON EFECTO INDISCRIMINADO,DESCONOCIDO,NO APLICA,0,0,0,0,0,0,0,0,0,0,4,4,ARTEFACTO EXPLOSIVO,"{'type': 'Point', 'coordinates': [-75.24282171, 6.219450549]}",
193,20713,CR021281,2003,5,8,76001,CALI,VALLE DEL CAUCA,SUR DEL VALLE,ATAQUE A OBJETIVO CIVIL CON EFECTO INDISCRIMINADO,DESCONOCIDO,NO APLICA,0,0,0,0,0,0,0,0,0,0,3,3,ARTEFACTO EXPLOSIVO,"{'type': 'Point', 'coordinates': [-76.52156515, 3.414414305]}",
194,292047,CR018301,2003,12,23,5790,TARAZA,ANTIOQUIA,BAJO CAUCA ANTIOQUEÑO,ATAQUE A OBJETIVO CIVIL CON EFECTO INDISCRIMINADO,GRUPO ARMADO NO DIRIMIDO,NO APLICA,0,0,0,0,0,0,36,0,0,0,4,4,ARTEFACTO EXPLOSIVO,"{'type': 'Point', 'coordinates': [-75.47096996, 7.570867761]}",
195,30323,,2012,6,4,52250,EL CHARCO,NARIÑO,ANDEN PACIFICO SUR,ATAQUE A OBJETIVO MILITAR CON EFECTO INDISCRIMINADO,GRUPO ARMADO NO IDENTIFICADO,PRESENCIA GAO SIN ATRIBUCIÓN,0,0,0,0,0,0,25,0,0,0,0,0,ARTEFACTO EXPLOSIVO,"{'type': 'Point', 'coordinates': [-78.109849, 2.477550593]}",
196,33511,,2013,12,7,19355,INZA,CAUCA,NORTE DEL CAUCA,ATAQUE A OBJETIVO MILITAR CON EFECTO INDISCRIMINADO,GUERRILLA,FARC,0,0,0,0,0,0,70,0,0,6,2,8,ARTEFACTO EXPLOSIVO,"{'type': 'Point', 'coordinates': [-76.06350272, 2.549182984]}",
197,395535,,1999,5,30,54810,TIBU,NORTE DE SANTANDER,CATATUMBO,DESCONOCIDA,GRUPO PARAMILITAR,NO IDENTIFICADO,1,1,0,0,1,0,0,0,0,0,1,1,ND,"{'type': 'Point', 'coordinates': [-72.89972106, 8.998278492]}",
198,396266,CR2017189655,1992,11,7,5079,BARBOSA,ANTIOQUIA,VALLE DE ABURRA,ATAQUE A OBJETIVO CIVIL CON EFECTO INDISCRIMINADO,GUERRILLA,COORDINADORA GUERRILLERA SIMÓN BOLÍVAR,0,0,0,0,0,0,7,0,0,0,1,1,ARTEFACTO EXPLOSIVO,"{'type': 'Point', 'coordinates': [-75.33164423, 6.439226882]}",
199,419293,CR005134,1982,3,10,11001,"BOGOTA, D.C.","BOGOTA, D. C.",AREA METROPOLITANA DE BOGOTA,ATAQUE A OBJETIVO CIVIL CON EFECTO INDISCRIMINADO,GUERRILLA,M19,0,0,0,0,0,0,2,0,0,0,1,1,ARTEFACTO EXPLOSIVO,"{'type': 'Point', 'coordinates': [-74.107359, 4.65017303]}",
200,419294,CR005118,1997,1,29,5001,MEDELLIN,ANTIOQUIA,VALLE DE ABURRA,ATAQUE A OBJETIVO CIVIL CON EFECTO INDISCRIMINADO,OTRO ¿CUÁL?,NO APLICA,0,0,0,0,0,0,56,0,0,0,5,5,ARTEFACTO EXPLOSIVO,"{'type': 'Point', 'coordinates': [-75.58171333, 6.246715564]}",
201,419295,CR005124,1997,2,27,5045,APARTADO,ANTIOQUIA,URABA,ATAQUE A OBJETIVO CIVIL CON EFECTO INDISCRIMINADO,GUERRILLA,FARC,0,0,0,0,0,0,53,0,0,0,10,10,ARTEFACTO EXPLOSIVO,"{'type': 'Point', 'coordinates': [-76.62596065, 7.883417406]}",
202,419296,,1997,10,14,18592,PUERTO RICO,CAQUETA,CAGUAN,ATAQUE A OBJETIVO CIVIL CON EFECTO INDISCRIMINADO,GUERRILLA,FARC,0,0,0,0,0,0,4,0,0,0,1,1,ARTEFACTO EXPLOSIVO,"{'type': 'Point', 'coordinates': [-75.15748874, 1.908935073]}",
203,419297,CR005139,2003,5,27,18753,SAN VICENTE DEL CAGUAN,CAQUETA,CAGUAN,ATAQUE A OBJETIVO CIVIL CON EFECTO INDISCRIMINADO,GUERRILLA,FARC,0,0,0,0,0,0,2,0,0,0,1,1,ARTEFACTO EXPLOSIVO,"{'type': 'Point', 'coordinates': [-74.76734058, 2.119786131]}",
204,419298,CR005165,2003,9,28,18001,FLORENCIA,CAQUETA,FLORENCIA Y AREA DE INFLUENCIA,ATAQUE A OBJETIVO CIVIL CON EFECTO INDISCRIMINADO,GUERRILLA,FARC,0,0,0,0,0,0,48,0,0,2,12,14,ARTEFACTO EXPLOSIVO,"{'type': 'Point', 'coordinates': [-75.60856043, 1.61792293]}",
205,419299,CR047153,2003,11,1,18001,FLORENCIA,CAQUETA,FLORENCIA Y AREA DE INFLUENCIA,ATAQUE A OBJETIVO MILITAR CON EFECTO INDISCRIMINADO,GUERRILLA,FARC,0,0,0,0,0,0,12,0,0,0,3,3,ARTEFACTO EXPLOSIVO,"{'type': 'Point', 'coordinates': [-75.60856043, 1.61792293]}",
206,419300,,2011,9,25,19137,CALDONO,CAUCA,NORTE DEL CAUCA,ATAQUE A OBJETIVO MILITAR CON EFECTO INDISCRIMINADO,GUERRILLA,FARC,0,0,0,0,0,0,0,0,0,0,0,0,ARTEFACTO EXPLOSIVO,"{'type': 'Point', 'coordinates': [-76.51863329, 2.785615005]}",
207,419301,CR017054,2012,1,22,54250,EL TARRA,NORTE DE SANTANDER,CATATUMBO,ATAQUE A OBJETIVO MILITAR CON EFECTO INDISCRIMINADO,GUERRILLA,FARC,0,0,0,0,0,0,0,0,0,0,0,0,ARTEFACTO EXPLOSIVO,"{'type': 'Point', 'coordinates': [-73.09484592, 8.576771365]}",
208,419302,CR008089,2012,5,1,19050,ARGELIA,CAUCA,PATIA,ATAQUE A OBJETIVO MILITAR CON EFECTO INDISCRIMINADO,GUERRILLA,FARC,0,0,0,0,0,0,1,0,0,0,0,0,ARTEFACTO EXPLOSIVO,"{'type': 'Point', 'coordinates': [-77.24945028, 2.256754909]}",
209,419304,CR012043,2012,5,24,52683,SANDONA,NARIÑO,CENTRO DE NARIÑO,ATAQUE A OBJETIVO MILITAR CON EFECTO INDISCRIMINADO,GUERRILLA,FARC,0,0,0,0,0,0,4,0,0,0,0,0,ARTEFACTO EXPLOSIVO,"{'type': 'Point', 'coordinates': [-77.46956757, 1.28613693]}",
210,419305,,2012,6,18,76109,BUENAVENTURA,VALLE DEL CAUCA,ANDEN PACIFICO SUR,ATAQUE A OBJETIVO MILITAR CON EFECTO INDISCRIMINADO,GUERRILLA,FARC,0,0,0,0,0,0,8,0,0,0,0,0,ARTEFACTO EXPLOSIVO,"{'type': 'Point', 'coordinates': [-77.0117402, 3.875802437]}",
211,419306,,2012,10,14,81794,TAME,ARAUCA,SARARE,ATAQUE A OBJETIVO MILITAR CON EFECTO INDISCRIMINADO,GUERRILLA,FARC,0,0,0,0,0,0,0,0,0,0,2,2,ARTEFACTO EXPLOSIVO,"{'type': 'Point', 'coordinates': [-71.75861086, 6.449379486]}",
212,419307,CR080122,2014,1,16,5647,SAN ANDRES DE CUERQUIA,ANTIOQUIA,NORTE DE ANTIOQUIA,ATAQUE A OBJETIVO MILITAR CON EFECTO INDISCRIMINADO,GUERRILLA,FARC,0,0,0,0,0,0,1,0,0,0,0,0,ARTEFACTO EXPLOSIVO,"{'type': 'Point', 'coordinates': [-75.67473253, 6.916808512]}",
213,419308,CR016067,2014,8,24,20750,SAN DIEGO,CESAR,SERRANIA DEL PERIJA,ATAQUE A OBJETIVO MILITAR CON EFECTO INDISCRIMINADO,GUERRILLA,NO IDENTIFICADA,0,0,0,0,0,0,0,0,0,0,0,0,ARTEFACTO EXPLOSIVO,"{'type': 'Point', 'coordinates': [-73.14473008, 10.24429187]}",
214,421647,CR2017421647,2002,12,2,44420,LA JAGUA DEL PILAR,LA GUAJIRA,SERRANIA DEL PERIJA,ATAQUE A OBJETIVO CIVIL CON EFECTO INDISCRIMINADO,GUERRILLA,FARC,0,0,0,0,0,0,0,0,0,0,0,0,ARTEFACTO EXPLOSIVO,"{'type': 'Point', 'coordinates': [-73.07167902, 10.51021405]}",
215,448523,,2011,6,13,52250,EL CHARCO,NARIÑO,ANDEN PACIFICO SUR,ATAQUE A OBJETIVO CIVIL CON EFECTO INDISCRIMINADO,GUERRILLA,FARC,0,0,0,0,0,0,15,0,0,0,0,0,ARTEFACTO EXPLOSIVO,"{'type': 'Point', 'coordinates': [-78.109849, 2.477550593]}",
216,490206,CR2017203550,2012,10,30,19532,PATIA,CAUCA,PATIA,ATAQUE A OBJETIVO MILITAR CON EFECTO INDISCRIMINADO,GUERRILLA,FARC,0,0,0,0,0,0,0,0,0,0,0,0,ARTEFACTO EXPLOSIVO,"{'type': 'Point', 'coordinates': [-76.98097859, 2.115670227]}",
217,500379,,2017,6,17,11001,"BOGOTA, D.C.","BOGOTA, D. C.",AREA METROPOLITANA DE BOGOTA,ATAQUE A OBJETIVO CIVIL CON EFECTO INDISCRIMINADO,GUERRILLA,OTRA,0,0,0,0,0,0,9,0,0,0,3,3,ARTEFACTO EXPLOSIVO,"{'type': 'Point', 'coordinates': [-74.107359, 4.65017303]}",
218,500471,CR2017500471,2001,12,24,50313,GRANADA,META,ARIARI GUAYABERO,DESCONOCIDA,GUERRILLA,FARC,0,0,0,0,0,0,0,0,0,0,0,0,ARTEFACTO EXPLOSIVO,"{'type': 'Point', 'coordinates': [-73.70571533, 3.546694724]}",
219,511101,,2009,8,15,5579,PUERTO BERRIO,ANTIOQUIA,MAGDALENA MEDIO,ATAQUE A OBJETIVO CIVIL CON EFECTO INDISCRIMINADO,GRUPO POSDESMOVILIZACIÓN,NO IDENTIFICADO,0,0,0,0,0,0,7,0,0,0,7,0,ARTEFACTO EXPLOSIVO,"{'type': 'Point', 'coordinates': [-74.40994553, 6.48704114]}",
220,511102,CR2017511102,2011,10,24,52838,TUQUERRES,NARIÑO,CENTRO OCCIDENTE DE NARIÑO,ATAQUE A OBJETIVO CIVIL CON EFECTO INDISCRIMINADO,GRUPO ARMADO NO IDENTIFICADO,NO APLICA,0,0,0,0,0,0,1,0,0,0,1,1,ARTEFACTO EXPLOSIVO,"{'type': 'Point', 'coordinates': [-77.61688638, 1.085193359]}",
221,511104,CR2017511104,2012,4,11,19075,BALBOA,CAUCA,PATIA,ATAQUE A OBJETIVO MILITAR CON EFECTO INDISCRIMINADO,GUERRILLA,FARC,0,0,0,0,0,0,0,0,0,0,0,0,ARTEFACTO EXPLOSIVO,"{'type': 'Point', 'coordinates': [-77.21589814, 2.040478768]}",
222,511105,,2012,6,27,44430,MAICAO,LA GUAJIRA,ALTA GUAJIRA,ATAQUE A OBJETIVO CIVIL CON EFECTO INDISCRIMINADO,GRUPO POSDESMOVILIZACIÓN,NO IDENTIFICADO,0,0,0,0,0,0,7,0,0,0,0,0,ARTEFACTO EXPLOSIVO,"{'type': 'Point', 'coordinates': [-72.24190502, 11.37832678]}",
223,511123,CR2017511123,1988,3,29,11001,"BOGOTA, D.C.","BOGOTA, D. C.",AREA METROPOLITANA DE BOGOTA,ATAQUE A OBJETIVO CIVIL CON EFECTO INDISCRIMINADO,GRUPO PARAMILITAR,OTRO,0,0,0,0,0,0,1,0,0,0,0,0,ARTEFACTO EXPLOSIVO,"{'type': 'Point', 'coordinates': [-74.107359, 4.65017303]}",
224,511170,CR2017511170,1976,8,4,11001,"BOGOTA, D.C.","BOGOTA, D. C.",AREA METROPOLITANA DE BOGOTA,ATAQUE A OBJETIVO CIVIL CON EFECTO INDISCRIMINADO,DESCONOCIDO,NO APLICA,0,0,0,0,0,0,0,0,0,0,0,0,ARTEFACTO EXPLOSIVO,"{'type': 'Point', 'coordinates': [-74.107359, 4.65017303]}",
225,511185,,1975,11,11,11001,"BOGOTA, D.C.","BOGOTA, D. C.",AREA METROPOLITANA DE BOGOTA,ATAQUE A OBJETIVO CIVIL CON EFECTO INDISCRIMINADO,GRUPO PARAMILITAR,NO IDENTIFICADO,0,0,0,0,0,0,0,0,0,0,0,0,ARTEFACTO EXPLOSIVO,"{'type': 'Point', 'coordinates': [-74.107359, 4.65017303]}",
226,511204,,1976,7,24,11001,"BOGOTA, D.C.","BOGOTA, D. C.",AREA METROPOLITANA DE BOGOTA,ATAQUE A OBJETIVO CIVIL CON EFECTO INDISCRIMINADO,GUERRILLA,EPL,0,0,0,0,0,0,0,0,0,0,0,0,ARTEFACTO EXPLOSIVO,"{'type': 'Point', 'coordinates': [-74.107359, 4.65017303]}",
227,521508,,2011,10,25,52835,SAN ANDRES DE TUMACO,NARIÑO,ANDEN PACIFICO SUR,ATAQUE A OBJETIVO CIVIL CON EFECTO INDISCRIMINADO,GRUPO ARMADO NO IDENTIFICADO,NO APLICA,0,0,0,0,0,0,8,0,0,0,0,0,ARTEFACTO EXPLOSIVO,"{'type': 'Point', 'coordinates': [-78.76385415, 1.80711725]}",
228,521513,CR2017521513,2000,11,19,73622,RONCESVALLES,TOLIMA,SUR DEL TOLIMA,ATAQUE A OBJETIVO MILITAR CON EFECTO INDISCRIMINADO,GUERRILLA,FARC,0,0,0,0,0,0,2,0,0,0,3,3,ARTEFACTO EXPLOSIVO,"{'type': 'Point', 'coordinates': [-75.60600233, 4.01159776]}",
229,521842,CR102116,1997,2,3,27615,RIOSUCIO,CHOCO,URABA,ATAQUE A OBJETIVO CIVIL CON EFECTO INDISCRIMINADO,GRUPO ARMADO NO DIRIMIDO,NO APLICA,1,0,0,0,1,0,0,0,0,0,1,1,ARTEFACTO EXPLOSIVO,"{'type': 'Point', 'coordinates': [-77.11310959, 7.436631552]}",
230,521875,CR2017521875,2012,9,24,52678,SAMANIEGO,NARIÑO,OCCIDENTE DE NARIÑO,ATAQUE A OBJETIVO CIVIL CON EFECTO INDISCRIMINADO,DESCONOCIDO,NO APLICA,0,0,0,0,0,0,0,0,0,0,0,0,ARTEFACTO EXPLOSIVO,"{'type': 'Point', 'coordinates': [-77.59445713, 1.335351879]}",
231,521877,,2009,4,16,5120,CACERES,ANTIOQUIA,BAJO CAUCA ANTIOQUEÑO,ATAQUE A OBJETIVO CIVIL CON EFECTO INDISCRIMINADO,GRUPO ARMADO NO IDENTIFICADO,NO APLICA,0,0,0,0,0,0,5,0,0,0,0,0,ARTEFACTO EXPLOSIVO,"{'type': 'Point', 'coordinates': [-75.35235749, 7.578315451]}",
232,521880,,2009,7,7,5120,CACERES,ANTIOQUIA,BAJO CAUCA ANTIOQUEÑO,ATAQUE A OBJETIVO MILITAR CON EFECTO INDISCRIMINADO,GRUPO PARAMILITAR,NO IDENTIFICADO,0,0,0,0,0,0,3,0,0,0,0,0,ARTEFACTO EXPLOSIVO,"{'type': 'Point', 'coordinates': [-75.35235749, 7.578315451]}",
233,521917,,2006,4,27,68081,BARRANCABERMEJA,SANTANDER,MAGDALENA MEDIO,ATAQUE A OBJETIVO CIVIL CON EFECTO INDISCRIMINADO,GRUPO POSDESMOVILIZACIÓN,URABEÑOS/AUTODEFENSAS GAITANISTAS DE COLOMBIA/ÁGUILAS NEGRAS/CLAN ÚSUGA,0,0,0,0,0,0,5,0,0,0,0,0,ARTEFACTO EXPLOSIVO,"{'type': 'Point', 'coordinates': [-73.84995698, 7.064963864]}",
234,522006,,1975,11,16,11001,"BOGOTA, D.C.","BOGOTA, D. C.",AREA METROPOLITANA DE BOGOTA,ATAQUE A OBJETIVO CIVIL CON EFECTO INDISCRIMINADO,DESCONOCIDO,NO APLICA,0,0,0,0,0,0,0,0,0,0,0,0,ARTEFACTO EXPLOSIVO,"{'type': 'Point', 'coordinates': [-74.107359, 4.65017303]}",
235,532362,CR2017532362,1976,7,22,76001,CALI,VALLE DEL CAUCA,SUR DEL VALLE,ATAQUE A OBJETIVO CIVIL CON EFECTO INDISCRIMINADO,GUERRILLA,M19,0,0,0,0,0,0,0,0,0,0,0,0,ARTEFACTO EXPLOSIVO,"{'type': 'Point', 'coordinates': [-76.52156515, 3.414414305]}",
236,532770,,2019,1,17,11001,"BOGOTA, D.C.","BOGOTA, D. C.",AREA METROPOLITANA DE BOGOTA,ATAQUE A OBJETIVO MILITAR CON EFECTO INDISCRIMINADO,GUERRILLA,ELN,0,0,0,0,0,0,0,0,0,20,0,20,ARTEFACTO EXPLOSIVO,"{'type': 'Point', 'coordinates': [-74.107359, 4.65017303]}",
237,532891,,2018,7,19,81065,ARAUQUITA,ARAUCA,SARARE,DESCONOCIDA,GRUPO ARMADO NO IDENTIFICADO,PRESENCIA GAO SIN ATRIBUCIÓN,0,0,0,0,0,0,0,0,0,0,4,4,ARTEFACTO EXPLOSIVO,"{'type': 'Point', 'coordinates': [-71.59795501, 6.84134566]}",
238,534340,,2005,8,6,81001,ARAUCA,ARAUCA,LLANOS ORIENTALES,ATAQUE A OBJETIVO MILITAR CON EFECTO INDISCRIMINADO,DESCONOCIDO,NO APLICA,0,0,0,0,0,0,0,0,0,0,1,1,ARTEFACTO EXPLOSIVO,"{'type': 'Point', 'coordinates': [-70.74635031, 7.077358544]}",
239,555121,,1995,6,10,5001,MEDELLIN,ANTIOQUIA,VALLE DE ABURRA,ATAQUE A OBJETIVO CIVIL CON EFECTO INDISCRIMINADO,DESCONOCIDO,NO APLICA,0,1,0,0,0,0,99,0,0,0,20,1,ARTEFACTO EXPLOSIVO,"{'type': 'Point', 'coordinates': [-75.58171333, 6.246715564]}",
240,555184,,1987,2,20,5837,TURBO,ANTIOQUIA,URABA,ATAQUE A OBJETIVO CIVIL CON EFECTO INDISCRIMINADO,DESCONOCIDO,NO APLICA,0,0,0,0,0,0,2,0,0,0,0,0,ARTEFACTO EXPLOSIVO,"{'type': 'Point', 'coordinates': [-76.72915844, 8.089116411]}",
241,628459,,2021,3,26,19212,CORINTO,CAUCA,NORTE DEL CAUCA,ATAQUE A OBJETIVO CIVIL CON EFECTO INDISCRIMINADO,GUERRILLA,DISIDENCIA FARC,0,0,0,0,0,0,43,0,0,0,0,0,ARTEFACTO EXPLOSIVO,"{'type': 'Point', 'coordinates': [-76.26131419, 3.173815457]}",
242,648682,,2015,7,10,19050,ARGELIA,CAUCA,PATIA,DESCONOCIDA,GUERRILLA,FARC,0,0,0,0,0,0,2,0,0,0,0,0,ARTEFACTO EXPLOSIVO,"{'type': 'Point', 'coordinates': [-77.24945028, 2.256754909]}",
243,649093,,1983,11,1,5001,MEDELLIN,ANTIOQUIA,VALLE DE ABURRA,ATAQUE A OBJETIVO CIVIL CON EFECTO INDISCRIMINADO,GUERRILLA,ELN,0,0,0,0,0,0,0,0,0,0,0,0,ARTEFACTO EXPLOSIVO,"{'type': 'Point', 'coordinates': [-75.58171333, 6.246715564]}",
244,649200,,2003,4,17,81300,FORTUL,ARAUCA,SARARE,ATAQUE A OBJETIVO MILITAR CON EFECTO INDISCRIMINADO,GUERRILLA,FARC,0,0,0,0,0,0,6,0,0,0,1,1,ARTEFACTO EXPLOSIVO,"{'type': 'Point', 'coordinates': [-71.7685578, 6.797075753]}",
245,649202,CR2017649202,2007,6,26,76109,BUENAVENTURA,VALLE DEL CAUCA,ANDEN PACIFICO SUR,ATAQUE A OBJETIVO CIVIL CON EFECTO INDISCRIMINADO,GUERRILLA,FARC,0,0,0,0,0,0,7,0,0,0,2,2,ARTEFACTO EXPLOSIVO,"{'type': 'Point', 'coordinates': [-77.35596327, 3.93032998]}",
246,659717,,2021,6,25,54001,CUCUTA,NORTE DE SANTANDER,AREA METROPOLITANA DE CUCUTA,ATAQUE A OBJETIVO MILITAR CON EFECTO INDISCRIMINADO,GUERRILLA,DISIDENCIA FARC,0,0,0,0,0,0,2,0,0,0,0,0,ARTEFACTO EXPLOSIVO,"{'type': 'Point', 'coordinates': [-72.5082562, 7.905306295]}",
247,679826,CR2017679826,2022,1,19,81736,SARAVENA,ARAUCA,SARARE,ATAQUE A OBJETIVO CIVIL CON EFECTO INDISCRIMINADO,GUERRILLA,DISIDENCIA FARC,0,0,0,0,0,0,20,0,0,0,1,1,ARMA DE FUEGO - ARTEFACTO EXPLOSIVO,"{'type': 'Point', 'coordinates': [-71.87233343, 6.95385957]}",
248,679866,,2014,1,16,76563,PRADERA,VALLE DEL CAUCA,SUR DEL VALLE,ATAQUE A OBJETIVO CIVIL CON EFECTO INDISCRIMINADO,GUERRILLA,FARC,0,0,0,0,0,0,56,0,0,0,1,1,ARTEFACTO EXPLOSIVO,"{'type': 'Point', 'coordinates': [-76.24182023, 3.419827409]}",
249,679973,CR2017679973,2022,2,16,19256,EL TAMBO,CAUCA,NORTE DEL CAUCA,ATAQUE A OBJETIVO CIVIL CON EFECTO INDISCRIMINADO,GUERRILLA,DISIDENCIA FARC,0,0,0,0,0,0,5,0,0,0,0,5,ARTEFACTO EXPLOSIVO,"{'type': 'Point', 'coordinates': [-76.81077225, 2.45137136]}",
250,700472,,2022,4,19,19050,ARGELIA,CAUCA,PATIA,ATAQUE A OBJETIVO CIVIL CON EFECTO INDISCRIMINADO,GRUPO ARMADO NO IDENTIFICADO,PRESENCIA GAO SIN ATRIBUCIÓN,0,0,0,0,0,0,0,0,0,0,0,0,ARTEFACTO EXPLOSIVO,"{'type': 'Point', 'coordinates': [-77.21574486, 2.384480734]}",
251,97544,,2000,3,9,23001,MONTERIA,CORDOBA,ALTO SINU Y SAN JORGE,ATAQUE A OBJETIVO CIVIL CON EFECTO INDISCRIMINADO,GRUPO PARAMILITAR,NO IDENTIFICADO,0,0,0,0,0,0,6,0,0,0,1,1,ARTEFACTO EXPLOSIVO,"{'type': 'Point', 'coordinates': [-75.87557791, 8.745132591]}",
